BB3:2.0GC-HG-E6,2.5,1.25,  2.01,4155.0,141.0,58.9361702128,15,"[1.35, 1.0, 1.395]"
BB3:2.0R-ZN-GBL,2,1.0,  2.30,4254.0,141.0,60.3404255319,20,"[1.0, 1.866, 1.291]"
BB3:2.0R-ZN-GBL,2.5,1.25,  2.35,3118.0,90.0,69.2888888889,20,"[1.0, 1.866, 1.291]"
BB3:2.0R-ZN-GBL,3,1.5,  2.13,2141.0,52.0,82.3461538462,20,"[1.0, 1.866, 1.291]"
BB3:2.0R-ZN-GBL,3,2.25,  2.53,3250.0,46.0,141.304347826,20,"[1.0, 1.866, 1.291]"
BB3:2.0R-ZN-GBL,4,3.0,  2.10,1274.0,16.0,159.25,20,"[1.0, 1.866, 1.291]"
BB3:A6-C6,4,3.0,  2.03,1200.0,29.0,82.7586206897,6,"[1.0, 1.329]"
BB3:A6-ESX,1,0.75,  2.26,5968.0,341.0,35.0029325513,6,"[1.0, 1.19]"
BB3:A6-ESX,1.5,0.75,  2.02,4258.0,295.0,28.8677966102,6,"[1.0, 1.19]"
BB3:A6-ESX,1.5,1.125,  2.17,5157.0,241.0,42.7966804979,6,"[1.0, 1.19]"
BB3:B6+R,1,0.5,  2.85,6311.0,418.0,30.1961722488,6,"[1.179, 1.0]"
BB3:B6+R,1,0.75,  2.46,5785.0,310.0,37.3225806452,6,"[1.179, 1.0]"
BB3:B6+R,1.5,0.75,  2.78,5079.0,302.0,33.6357615894,6,"[1.179, 1.0]"
BB3:B6+R,1.5,1.125,  2.33,4770.0,216.0,44.1666666667,6,"[1.179, 1.0]"
BB3:B6+R,2,1.0,  2.39,3421.0,188.0,36.3936170213,6,"[1.179, 1.0]"
BB3:B6+R,2,1.5,  2.11,3586.0,148.0,48.4594594595,6,"[1.179, 1.0]"
BB3:B6+R,3,1.5,  3.46,2206.0,54.0,81.7037037037,6,"[1.179, 1.0]"
BB3:B6+R,3,2.25,  3.76,3345.0,54.0,123.888888889,6,"[1.179, 1.0]"
BB3:B6+R,3.5,2.625,  2.50,1572.0,24.0,131.0,6,"[1.179, 1.0]"
BB3:B6+R,4,3.0,  2.10,1046.0,16.0,130.75,6,"[1.179, 1.0]"
BB3:BT-GBL-0.5ESX+0.5NKD,2,1.5,  2.08,5594.0,118.0,94.813559322,25,"[1.45, 3.844, 3.933, 1.0]"
BB3:BT-R-0.3B6+0.3J6,1.5,1.5,  2.01,8155.0,81.0,201.358024691,25,"[1.0, 2.054, 2.421, 2.762]"
BB3:BT-R-0.5X+0.5NKD,1.5,1.5,  2.05,8723.0,85.0,205.247058824,25,"[1.45, 2.978, 1.628, 1.0]"
BB3:BT-R-0.75B6+0.5J6,3,3,  2.05,8476.0,35.0,484.342857143,25,"[1.0, 2.054, 2.421, 2.762]"
BB3:BT-R,1,0.5,  2.09,6333.0,208.0,60.8942307692,25,"[1.0, 2.054]"
BB3:BT-TN,1,0.5,  2.53,9110.0,331.0,55.0453172205,25,"[1.0, 2.785]"
BB3:BT-TN,1,0.75,  2.04,8410.0,195.0,86.2564102564,25,"[1.0, 2.785]"
BB3:BT-TN,1.5,1.125,  2.19,7618.0,187.0,81.4759358289,25,"[1.0, 2.785]"
BB3:BT-TS-0.3J6+0.3A6,1.5,1.125,  2.01,9007.0,162.0,111.197530864,35,"[1.0, 4.307, 2.762, 2.28]"
BB3:BT-ZN+0.3J6,1,0.5,  2.24,8209.0,323.0,50.8297213622,25,"[1.0, 3.831, 2.762]"
BB3:BT-ZN,1,0.5,  2.24,8352.0,311.0,53.7106109325,25,"[1.0, 3.831]"
BB3:BTP-E6,2.5,1.25,  2.70,3048.0,100.0,60.96,10,"[1.0, 1.471]"
BB3:BTP-E6,3,1.5,  2.00,1642.0,54.0,60.8148148148,10,"[1.0, 1.471]"
BB3:BTP-E6,3.5,2.625,  2.01,1607.0,30.0,107.133333333,10,"[1.0, 1.471]"
BB3:BTP-GBL-0.5DF,4,3.0,  2.20,1397.0,12.0,232.833333333,10,"[4.041, 9.479, 1.0]"
BB3:BTP-GBL-0.5ES,4,2.0,  2.37,1349.0,22.0,122.636363636,10,"[1.867, 4.38, 1.0]"
BB3:BTP-GBL-0.5ES,4,3.0,  3.02,2433.0,22.0,221.181818182,10,"[1.867, 4.38, 1.0]"
BB3:BTP-GBL-0.5ESX,4,2.0,  2.43,1383.0,18.0,153.666666667,10,"[1.0, 2.346, 2.4]"
BB3:BTP-GBL-0.5ESX,4,3.0,  2.42,1905.0,18.0,211.666666667,10,"[1.0, 2.346, 2.4]"
BB3:BTP-GBL-0.8ES,4,2.0,  2.15,1423.0,22.0,129.363636364,10,"[1.867, 4.38, 1.0]"
BB3:BTP-GBL-0.8ESX,4,3.0,  2.04,1669.0,18.0,185.444444444,10,"[1.0, 2.346, 2.4]"
BB3:BTP-GBL-2.0E6,2.5,1.25,  2.46,5262.0,116.0,90.724137931,10,"[1.0, 2.346, 1.471]"
BB3:BTP-GBL-2.0E6,2.5,1.875,  2.16,5918.0,102.0,116.039215686,10,"[1.0, 2.346, 1.471]"
BB3:BTP-GBL-2.0E6,3.5,2.625,  2.36,3498.0,40.0,174.9,10,"[1.0, 2.346, 1.471]"
BB3:BTP-GBL-2.0SPMIB,1,1,  2.47,9760.0,193.0,101.139896373,10,"[1.553, 3.642, 1.0]"
BB3:BTP-GBL-2.0SPMIB,2.5,1.25,  2.24,3340.0,107.0,62.4299065421,10,"[1.553, 3.642, 1.0]"
BB3:BTP-GBL-2.0SPMIB,2.5,1.875,  2.32,4517.0,101.0,89.4455445545,10,"[1.553, 3.642, 1.0]"
BB3:BTP-GBL-2.0SPMIB,4,2.0,  2.10,976.0,16.0,122.0,10,"[1.553, 3.642, 1.0]"
BB3:BTP-GBL-3SPMIB,2,1.5,  2.19,7610.0,163.0,93.3742331288,10,"[1.553, 3.642, 1.0]"
BB3:BTP-GBL,4,3.0,  2.33,2179.0,26.0,167.615384615,10,"[1.0, 2.346]"
BB3:BTP-OAT,3,1.5,  2.28,2517.0,68.0,74.0294117647,10,"[1.0, 3.017]"
BB3:BTP-OAT,3,2.25,  2.41,3683.0,64.0,115.09375,10,"[1.0, 3.017]"
BB3:BTP-OAT,3.5,1.75,  2.01,1570.0,34.0,92.3529411765,10,"[1.0, 3.017]"
BB3:BTP-OAT,3.5,2.625,  2.47,2425.0,32.0,151.5625,10,"[1.0, 3.017]"
BB3:C6-E6,2.5,2.5,  2.74,7181.0,57.0,251.964912281,10,"[1.823, 1.0]"
BB3:C6-E6,3,3,  2.94,7693.0,41.0,375.268292683,10,"[1.823, 1.0]"
BB3:C6-E6,4,4,  2.00,5117.0,9.0,1137.11111111,10,"[1.823, 1.0]"
BB3:C6-S6,3,3,  2.04,6057.0,35.0,346.114285714,10,"[1.312, 1.0]"
BB3:CGB+0.3C6,3,1.5,  2.18,1539.0,72.0,42.75,6,"[1.15, 1.0]"
BB3:CGB+SXF-TS-YAP+C6-A6,1,0.5,  2.07,7490.0,336.0,44.5833333333,6,"[3.974, 1.0, 4.908, 1.284, 3.454, 2.598]"
BB3:CGB+SXF-TS-YAP+C6-A6,1.5,0.75,  2.41,7277.0,246.0,59.162601626,6,"[3.974, 1.0, 4.908, 1.284, 3.454, 2.598]"
BB3:CGB+SXF-TS-YAP+C6-A6,2,1.0,  2.01,4872.0,166.0,58.6987951807,6,"[3.974, 1.0, 4.908, 1.284, 3.454, 2.598]"
BB3:CGB-GBL-0.75E6+0.3C6,1.5,0.75,  2.16,3356.0,304.0,22.0789473684,6,"[2.097, 1.594, 1.0, 1.823]"
BB3:CGB-GBL-0.75E6+0.3C6,1.5,1.125,  2.13,3653.0,238.0,30.6974789916,6,"[2.097, 1.594, 1.0, 1.823]"
BB3:CGB-GBL-0.75E6+0.3C6,2,1.5,  2.08,3103.0,174.0,35.6666666667,6,"[2.097, 1.594, 1.0, 1.823]"
BB3:CGB-GBL-E6+0.3C6,1.5,0.75,  2.17,3817.0,320.0,23.85625,6,"[2.097, 1.594, 1.0, 1.823]"
BB3:CGB-GBL-E6+0.3C6,2,1.5,  2.20,3794.0,178.0,42.6292134831,6,"[2.097, 1.594, 1.0, 1.823]"
BB3:CGB-GBL-E6+C6,1.5,0.75,  2.11,3922.0,308.0,25.4675324675,6,"[2.097, 1.594, 1.0, 1.823]"
BB3:CGB-GBM-E6+C6,2,1.0,  2.20,3456.0,180.0,38.4,12,"[2.097, 4.171, 1.0, 1.823]"
BB3:CGB-GBM-E6+C6,3,1.5,  2.26,1648.0,38.0,86.7368421053,12,"[2.097, 4.171, 1.0, 1.823]"
BB3:CGB-R-0.5B6+0.5C6,1.5,0.75,  2.04,2768.0,285.0,19.4245614035,6,"[1.698, 1.0, 1.179, 1.476]"
BB3:CGB-R-0.5B6+0.5C6,2,1.0,  2.14,2322.0,181.0,25.6574585635,6,"[1.698, 1.0, 1.179, 1.476]"
BB3:CGB-TN+0.3C6,1.5,0.75,  2.08,3034.0,312.0,19.4487179487,6,"[1.252, 1.0, 1.088]"
BB3:CGB-TN+0.3C6,2,1.0,  2.00,2382.0,212.0,22.4716981132,6,"[1.252, 1.0, 1.088]"
BB3:CGB-ZB+0.5C6,2.5,1.25,  2.30,2400.0,132.0,36.3636363636,6,"[2.116, 1.0, 1.84]"
BB3:CGB-ZN+0.5C6,2,1.0,  2.07,2637.0,204.0,25.8529411765,6,"[1.15, 1.264, 1.0]"
BB3:CGF-CGB+0.5C6,3,1.5,  4.24,11379.0,106.0,214.698113208,20,"[2.655, 1.15, 1.0]"
BB3:CGF-CGB+0.5C6,3.5,1.75,  3.83,8894.0,68.0,261.588235294,20,"[2.655, 1.15, 1.0]"
BB3:CGF-CGB+0.5C6,3.5,2.625,  2.91,7958.0,60.0,265.266666667,20,"[2.655, 1.15, 1.0]"
BB3:CGF-CGB+0.5C6,4,2.0,  3.70,8053.0,52.0,309.730769231,20,"[2.655, 1.15, 1.0]"
BB3:CGF-CGB+0.5C6,4,3.0,  3.03,7489.0,46.0,325.608695652,20,"[2.655, 1.15, 1.0]"
BB3:CGF-CGB,2.5,1.25,  6.46,19069.0,184.0,207.27173913,20,"[2.308, 1.0]"
BB3:CGF-CGB,2.5,1.875,  4.77,17167.0,140.0,245.242857143,20,"[2.308, 1.0]"
BB3:CGF-CGB,3,1.5,  5.82,16707.0,152.0,219.828947368,20,"[2.308, 1.0]"
BB3:CGF-CGB,3,2.25,  4.69,14935.0,130.0,229.769230769,20,"[2.308, 1.0]"
BB3:CGF-CGB,3.5,1.75,  5.50,15070.0,130.0,231.846153846,20,"[2.308, 1.0]"
BB3:CGF-CGB,3.5,2.625,  4.79,14133.0,120.0,235.55,20,"[2.308, 1.0]"
BB3:CGF-CGB,4,2.0,  5.52,14082.0,106.0,265.698113208,20,"[2.308, 1.0]"
BB3:CGF-CGB,4,3.0,  4.83,13276.0,98.0,270.93877551,20,"[2.308, 1.0]"
BB3:CL-OIL,1,0.5,  2.41,2553.0,369.0,13.837398374,6,"[1.134, 1.0]"
BB3:CL-OIL,1.5,0.75,  2.27,1998.0,249.0,16.0481927711,6,"[1.134, 1.0]"
BB3:CL-OIL,1.5,1.125,  2.12,2122.0,199.0,21.3266331658,6,"[1.134, 1.0]"
BB3:DF-0.5MX-0.5X,1,0.5,  3.33,4254.0,413.0,20.6004842615,5,"[1.0, 6.082, 4.014]"
BB3:DF-0.5MX-0.5X,1,0.75,  2.96,3977.0,329.0,24.1762917933,5,"[1.0, 6.082, 4.014]"
BB3:DF-0.5MX-0.5X,1,1,  2.31,3796.0,151.0,50.2781456954,5,"[1.0, 6.082, 4.014]"
BB3:DF-0.5MX-0.5X,1.5,0.75,  3.18,3466.0,283.0,24.4946996466,5,"[1.0, 6.082, 4.014]"
BB3:DF-0.5MX-0.5X,1.5,1.125,  2.97,3579.0,235.0,30.4595744681,5,"[1.0, 6.082, 4.014]"
BB3:DF-0.5MX-0.5X,2,1.0,  2.30,2007.0,175.0,22.9371428571,5,"[1.0, 6.082, 4.014]"
BB3:DF-0.5MX-0.5X,2,1.5,  2.30,2343.0,151.0,31.0331125828,5,"[1.0, 6.082, 4.014]"
BB3:DF-0.5MX-0.5X,2.5,1.875,  2.44,2089.0,107.0,39.046728972,5,"[1.0, 6.082, 4.014]"
BB3:DF-0.5MX-0.5X,3,1.5,  2.10,1185.0,62.0,38.2258064516,5,"[1.0, 6.082, 4.014]"
BB3:DF-A6,1.5,1.125,  2.31,5564.0,237.0,46.9535864979,5,"[1.0, 8.151]"
BB3:DF-A6,1.5,1.5,  2.24,7297.0,117.0,124.735042735,5,"[1.0, 8.151]"
BB3:DF-ESX,1,0.5,  2.48,2882.0,425.0,13.5623529412,5,"[1.0, 9.699]"
BB3:DF-ESX,1,0.75,  2.24,2811.0,303.0,18.5544554455,5,"[1.0, 9.699]"
BB3:DF-ESX,1.5,0.75,  2.36,2185.0,289.0,15.1211072664,5,"[1.0, 9.699]"
BB3:DF-ESX,1.5,1.125,  2.23,2366.0,233.0,20.3090128755,5,"[1.0, 9.699]"
BB3:DF-ESX,1.5,1.5,  2.15,3224.0,127.0,50.7716535433,5,"[1.0, 9.699]"
BB3:DF-ESX,2,1.0,  2.16,1599.0,192.0,16.65625,5,"[1.0, 9.699]"
BB3:DF-MX,1,0.5,  3.23,3784.0,429.0,17.641025641,5,"[1.0, 6.082]"
BB3:DF-MX,1,0.75,  2.95,3691.0,327.0,22.5749235474,5,"[1.0, 6.082]"
BB3:DF-MX,1,1,  2.30,3543.0,171.0,41.4385964912,5,"[1.0, 6.082]"
BB3:DF-MX,1.5,0.75,  3.18,3114.0,299.0,20.8294314381,5,"[1.0, 6.082]"
BB3:DF-MX,1.5,1.125,  3.14,3420.0,245.0,27.9183673469,5,"[1.0, 6.082]"
BB3:DF-MX,1.5,1.5,  2.48,3821.0,115.0,66.452173913,5,"[1.0, 6.082]"
BB3:DF-MX,2.5,1.875,  2.40,1899.0,107.0,35.4953271028,5,"[1.0, 6.082]"
BB3:DF-MX,3,2.25,  2.16,1452.0,69.0,42.0869565217,5,"[1.0, 6.082]"
BB3:DF-MX,3.5,2.625,  2.03,1091.0,37.0,58.972972973,5,"[1.0, 6.082]"
BB3:DF-MX,4,3.0,  2.15,970.0,21.0,92.380952381,5,"[1.0, 6.082]"
BB3:DF-X-0.3B6+0.3E6,1,0.5,  2.27,3591.0,433.0,16.5866050808,5,"[1.0, 4.014, 8.658, 5.945]"
BB3:DF-X-0.3B6+0.3E6,1.5,0.75,  2.18,2966.0,303.0,19.5775577558,5,"[1.0, 4.014, 8.658, 5.945]"
BB3:DF-X-0.3B6+0.3E6,1.5,1.125,  2.22,3343.0,235.0,28.4510638298,5,"[1.0, 4.014, 8.658, 5.945]"
BB3:DF-X-0.3B6+0.3E6,2,1.0,  2.72,2970.0,214.0,27.7570093458,5,"[1.0, 4.014, 8.658, 5.945]"
BB3:DF-X-0.3B6+0.3E6,2,1.5,  2.07,2672.0,169.0,31.6213017751,5,"[1.0, 4.014, 8.658, 5.945]"
BB3:DF-X-0.3B6+0.3E6,2.5,1.25,  2.37,2009.0,134.0,29.9850746269,5,"[1.0, 4.014, 8.658, 5.945]"
BB3:DF-X,1,0.5,  2.29,3770.0,379.0,19.8944591029,5,"[1.0, 4.014]"
BB3:DF-X,2,1.0,  2.13,2330.0,177.0,26.3276836158,5,"[1.0, 4.014]"
BB3:DF-X,2.5,1.25,  2.20,1729.0,110.0,31.4363636364,5,"[1.0, 4.014]"
BB3:DF-X,3,2.25,  2.20,1659.0,54.0,61.4444444444,5,"[1.0, 4.014]"
BB3:DF-XXP,1,0.5,  2.65,9595.0,459.0,41.8082788671,5,"[1.0, 18.822]"
BB3:DF-XXP,1,0.75,  2.07,7781.0,315.0,49.4031746032,5,"[1.0, 18.822]"
BB3:DF-XXP,1.5,0.75,  3.11,8568.0,334.0,51.3053892216,5,"[1.0, 18.822]"
BB3:DF-XXP,1.5,1.125,  2.34,7451.0,259.0,57.5366795367,5,"[1.0, 18.822]"
BB3:DF-XXP,2,1.0,  2.85,7554.0,206.0,73.3398058252,5,"[1.0, 18.822]"
BB3:DF-XXP,2,1.5,  3.05,8205.0,179.0,91.6759776536,5,"[1.0, 18.822]"
BB3:DF-XXP,2.5,1.25,  2.67,6945.0,134.0,103.656716418,5,"[1.0, 18.822]"
BB3:DF-XXP,2.5,1.875,  2.76,7316.0,119.0,122.957983193,5,"[1.0, 18.822]"
BB3:DF-XXP,3,1.5,  2.45,6256.0,78.0,160.41025641,5,"[1.0, 18.822]"
BB3:DF-XXP,3,2.25,  2.49,6456.0,70.0,184.457142857,5,"[1.0, 18.822]"
BB3:DF-XXP,3,3,  2.27,8882.0,31.0,573.032258065,5,"[1.0, 18.822]"
BB3:DF-XXP,3.5,1.75,  2.45,6209.0,54.0,229.962962963,5,"[1.0, 18.822]"
BB3:DF-XXP,3.5,2.625,  2.37,6082.0,50.0,243.28,5,"[1.0, 18.822]"
BB3:DF-XXP,3.5,3.5,  2.33,9104.0,27.0,674.37037037,5,"[1.0, 18.822]"
BB3:DF-XXP,4,2.0,  2.25,5676.0,28.0,405.428571429,5,"[1.0, 18.822]"
BB3:DF-XXP,4,3.0,  2.25,5712.0,28.0,408.0,5,"[1.0, 18.822]"
BB3:DF-XXP,4,4,  2.10,8201.0,15.0,1093.46666667,5,"[1.0, 18.822]"
BB3:DF-YAP-0.3A6+0.3E6,1,0.5,  2.06,4395.0,337.0,26.0830860534,5,"[1.0, 4.027, 8.151, 5.945]"
BB3:DF-YAP-0.3A6+0.3E6,1,0.75,  2.12,4937.0,271.0,36.4354243542,5,"[1.0, 4.027, 8.151, 5.945]"
BB3:DF-YAP-0.3A6+0.3E6,1.5,0.75,  2.38,4254.0,245.0,34.7265306122,5,"[1.0, 4.027, 8.151, 5.945]"
BB3:DF-YAP-0.3A6+0.3E6,1.5,1.125,  2.07,4364.0,197.0,44.3045685279,5,"[1.0, 4.027, 8.151, 5.945]"
BB3:DF-YAP-0.3A6+0.3E6,2,2,  2.03,5788.0,91.0,127.208791209,5,"[1.0, 4.027, 8.151, 5.945]"
BB3:E6+GBL,2,1.5,  2.34,4705.0,172.0,54.7093023256,5,"[1.0, 1.594]"
BB3:E6+GBL,2.5,1.875,  2.06,3413.0,110.0,62.0545454545,5,"[1.0, 1.594]"
BB3:E6+GBL,2.5,2.5,  2.08,6427.0,57.0,225.50877193,5,"[1.0, 1.594]"
BB3:E6+GBL,3.5,1.75,  2.21,1171.0,32.0,73.1875,5,"[1.0, 1.594]"
BB3:E6-C6,2.5,2.5,  2.64,6917.0,57.0,242.701754386,5,"[1.0, 1.823]"
BB3:E6-C6,3,3,  3.09,8097.0,45.0,359.866666667,5,"[1.0, 1.823]"
BB3:E6-J6+GBL,2,1.0,  2.05,3269.0,209.0,31.2822966507,5,"[1.0, 1.661, 1.594]"
BB3:E6-J6+GBL,4,2.0,  2.54,1023.0,22.0,93.0,5,"[1.0, 1.661, 1.594]"
BB3:ESX+GBL-NKD-J6,4,4,  2.24,6921.0,9.0,1538.0,6,"[3.933, 3.844, 1.0, 4.006]"
BB3:ESX+VS,1,0.5,  2.02,5932.0,403.0,29.4392059553,11,"[1.0, 4.52]"
BB3:ESX+VS2,1,0.5,  3.72,12012.0,521.0,46.1113243762,13,"[1.0, 6.073]"
BB3:ESX+VS2,1,0.75,  2.51,8775.0,311.0,56.4308681672,13,"[1.0, 6.073]"
BB3:ESX+VS2,1.5,0.75,  2.91,8138.0,342.0,47.5906432749,13,"[1.0, 6.073]"
BB3:ESX+VS2,2,1.0,  2.72,5832.0,216.0,54.0,13,"[1.0, 6.073]"
BB3:ESX+VS2,2.5,1.25,  2.29,3598.0,120.0,59.9666666667,13,"[1.0, 6.073]"
BB3:ESX+VS3,1,0.5,  4.73,17322.0,549.0,63.1038251366,16,"[1.0, 7.319]"
BB3:ESX+VS3,1,0.75,  3.36,13727.0,325.0,84.4738461538,16,"[1.0, 7.319]"
BB3:ESX+VS3,1,1,  2.57,12276.0,209.0,117.473684211,16,"[1.0, 7.319]"
BB3:ESX+VS3,1.5,0.75,  4.21,13228.0,376.0,70.3617021277,16,"[1.0, 7.319]"
BB3:ESX+VS3,1.5,1.125,  3.21,11152.0,260.0,85.7846153846,16,"[1.0, 7.319]"
BB3:ESX+VS3,2,1.0,  3.75,9505.0,242.0,78.5537190083,16,"[1.0, 7.319]"
BB3:ESX+VS3,2,1.5,  3.02,8961.0,190.0,94.3263157895,16,"[1.0, 7.319]"
BB3:ESX+VS3,2.5,1.25,  3.19,6413.0,134.0,95.7164179104,16,"[1.0, 7.319]"
BB3:ESX+VS3,2.5,1.875,  2.84,6910.0,120.0,115.166666667,16,"[1.0, 7.319]"
BB3:ESX+VS3,3,1.5,  2.27,3421.0,66.0,103.666666667,16,"[1.0, 7.319]"
BB3:ESX+VS3,3,2.25,  2.02,3767.0,58.0,129.896551724,16,"[1.0, 7.319]"
BB3:ESX-0.53DF-0.40MX-0.10IM,1.5,0.75,  2.04,1512.0,238.0,12.7058823529,6,"[9.699, 1.0, 6.082, 3.164]"
BB3:ESX-DF,1,0.5,  2.57,2973.0,397.0,14.9773299748,6,"[9.699, 1.0]"
BB3:ESX-DF,1,0.75,  2.34,2992.0,275.0,21.76,6,"[9.699, 1.0]"
BB3:ESX-DF,1.5,0.75,  2.37,2194.0,271.0,16.1918819188,6,"[9.699, 1.0]"
BB3:ESX-DF,1.5,1.125,  2.20,2350.0,217.0,21.6589861751,6,"[9.699, 1.0]"
BB3:ESX-DF,1.5,1.5,  2.31,3474.0,127.0,54.7086614173,6,"[9.699, 1.0]"
BB3:ESX-DF,2,1.0,  2.22,1636.0,184.0,17.7826086957,6,"[9.699, 1.0]"
BB3:ESX-ESB-GBL,1.5,0.75,  2.25,5578.0,335.0,33.3014925373,6,"[1.023, 4.9, 1.0]"
BB3:ESX-M6,4,3.0,  2.43,577.0,6.0,192.333333333,6,"[1.0, 1.768]"
BB3:ESX-SXF-C6+E6,2.5,2.5,  2.01,6791.0,51.0,266.31372549,6,"[3.092, 1.0, 3.454, 1.895]"
BB3:ESX-X,1,0.5,  2.55,3280.0,193.0,33.9896373057,6,"[2.416, 1.0]"
BB3:ESX-X,1,0.75,  2.89,3858.0,169.0,45.6568047337,6,"[2.416, 1.0]"
BB3:ESX-X,1,1,  2.05,3298.0,79.0,83.4936708861,6,"[2.416, 1.0]"
BB3:ESX-X,1.5,1.125,  2.04,2477.0,99.0,50.0404040404,6,"[2.416, 1.0]"
BB3:ESX-X,2.5,1.25,  2.02,1345.0,56.0,48.0357142857,6,"[2.416, 1.0]"
BB3:GBL+0.5DF-R-0.5X,1,0.5,  2.17,3772.0,407.0,18.5356265356,6,"[9.479, 1.0, 7.342, 4.014]"
BB3:GBL+0.5DF-R-0.5X,2.5,1.25,  2.04,1606.0,100.0,32.12,6,"[9.479, 1.0, 7.342, 4.014]"
BB3:GBL+DF-R-X,1.5,0.75,  2.09,3776.0,290.0,26.0413793103,6,"[9.479, 1.0, 7.342, 4.014]"
BB3:GBL+DF-R-X,2,1.0,  2.94,4138.0,206.0,40.1747572816,6,"[9.479, 1.0, 7.342, 4.014]"
BB3:GBL+DF-R-X,2,1.5,  2.54,4395.0,169.0,52.0118343195,6,"[9.479, 1.0, 7.342, 4.014]"
BB3:GBL+DF-R-X,2,2,  2.01,5546.0,79.0,140.405063291,6,"[9.479, 1.0, 7.342, 4.014]"
BB3:GBL+DF-R-X,2.5,1.25,  2.36,2461.0,114.0,43.1754385965,6,"[9.479, 1.0, 7.342, 4.014]"
BB3:GBL+DF-R-X,2.5,1.875,  2.60,3581.0,110.0,65.1090909091,6,"[9.479, 1.0, 7.342, 4.014]"
BB3:GBL+DF-R-X,3,1.5,  2.08,1430.0,62.0,46.1290322581,6,"[9.479, 1.0, 7.342, 4.014]"
BB3:GBL+DF-R-X,3,2.25,  3.16,2736.0,62.0,88.2580645161,6,"[9.479, 1.0, 7.342, 4.014]"
BB3:GBL+DF-R-X,3.5,2.625,  2.40,1380.0,26.0,106.153846154,6,"[9.479, 1.0, 7.342, 4.014]"
BB3:GBL+E6,2,1.5,  2.38,4787.0,172.0,55.6627906977,6,"[1.594, 1.0]"
BB3:GBL+E6,3.5,1.75,  2.07,1086.0,30.0,72.4,6,"[1.594, 1.0]"
BB3:GBL+ESX+0.5VS,4,2.0,  2.18,946.0,16.0,118.25,6,"[1.0, 1.023, 4.624]"
BB3:GBL+ESX-R-X,3,1.5,  2.03,1541.0,60.0,51.3666666667,13,"[2.362, 2.416, 1.829, 1.0]"
BB3:GBL+ESX-R-X,3.5,2.625,  2.32,1476.0,30.0,98.4,13,"[2.362, 2.416, 1.829, 1.0]"
BB3:GBL-R-0.3B6+0.3E6,2,1.0,  2.03,1822.0,166.0,21.9518072289,6,"[1.594, 1.235, 1.456, 1.0]"
BB3:GBL-R-0.5B6+0.5E6,1,0.5,  2.31,3328.0,401.0,16.5985037406,6,"[1.594, 1.235, 1.456, 1.0]"
BB3:GBL-R-0.5B6+0.5E6,1,0.75,  2.03,3133.0,299.0,20.9565217391,6,"[1.594, 1.235, 1.456, 1.0]"
BB3:GBL-R-0.5B6+0.5E6,1.5,1.125,  2.15,2876.0,225.0,25.5644444444,6,"[1.594, 1.235, 1.456, 1.0]"
BB3:GBL-R-0.5B6+0.5E6,2,1.0,  2.31,2153.0,175.0,24.6057142857,6,"[1.594, 1.235, 1.456, 1.0]"
BB3:GBL-R-0.5X+0.5ESX,2.5,1.25,  2.12,1664.0,104.0,32.0,6,"[2.362, 1.829, 1.0, 2.416]"
BB3:GBL-R-0.67B6+0.67E6,1,0.5,  2.67,4094.0,447.0,18.3176733781,6,"[1.594, 1.235, 1.456, 1.0]"
BB3:GBL-R-0.67B6+0.67E6,1,0.75,  2.08,3390.0,325.0,20.8615384615,6,"[1.594, 1.235, 1.456, 1.0]"
BB3:GBL-R-0.67B6+0.67E6,1.5,0.75,  2.11,2744.0,297.0,18.4781144781,6,"[1.594, 1.235, 1.456, 1.0]"
BB3:GBL-R-0.67B6+0.67E6,2,1.0,  2.09,2085.0,185.0,22.5405405405,6,"[1.594, 1.235, 1.456, 1.0]"
BB3:GBL-R-0.67B6+0.67E6,2.5,1.25,  2.21,1525.0,97.0,31.4432989691,6,"[1.594, 1.235, 1.456, 1.0]"
BB3:GBL-R-0.75B6+0.75E6,1,0.5,  2.52,4043.0,451.0,17.9290465632,6,"[1.594, 1.235, 1.456, 1.0]"
BB3:GBL-R-0.75B6+0.75E6,1.5,0.75,  2.20,3011.0,303.0,19.8745874587,6,"[1.594, 1.235, 1.456, 1.0]"
BB3:GBL-R-0.75B6+0.75E6,2,1.0,  2.16,2205.0,183.0,24.0983606557,6,"[1.594, 1.235, 1.456, 1.0]"
BB3:GBL-R-B6+E6,1.5,0.75,  2.66,4162.0,319.0,26.0940438871,6,"[1.594, 1.235, 1.456, 1.0]"
BB3:GBL-R-B6+E6,2.5,1.25,  2.24,1881.0,107.0,35.1588785047,6,"[1.594, 1.235, 1.456, 1.0]"
BB3:GBL-R-B6+E6,3,1.5,  2.33,1058.0,43.0,49.2093023256,6,"[1.594, 1.235, 1.456, 1.0]"
BB3:GBL-R-B6+E6,3,2.25,  2.42,1545.0,43.0,71.8604651163,6,"[1.594, 1.235, 1.456, 1.0]"
BB3:GBL-R-X+ESX,2.5,1.25,  2.34,2409.0,120.0,40.15,6,"[2.362, 1.829, 1.0, 2.416]"
BB3:GBL-R-X+ESX,2.5,1.875,  2.12,2887.0,108.0,53.462962963,6,"[2.362, 1.829, 1.0, 2.416]"
BB3:GBL-R-X+ESX,3,2.25,  2.12,2134.0,62.0,68.8387096774,6,"[2.362, 1.829, 1.0, 2.416]"
BB3:GBL-R-X+ESX,3.5,1.75,  2.06,975.0,36.0,54.1666666667,6,"[2.362, 1.829, 1.0, 2.416]"
BB3:GBL-R-X+ESX,3.5,2.625,  2.26,1488.0,34.0,87.5294117647,6,"[2.362, 1.829, 1.0, 2.416]"
BB3:GBL-R-X+ESX,4,3.0,  2.28,649.0,8.0,162.25,6,"[2.362, 1.829, 1.0, 2.416]"
BB3:GBL-TN+0.3E6,1,0.5,  2.67,4910.0,457.0,21.4879649891,6,"[1.594, 1.675, 1.0]"
BB3:GBL-TN+0.3E6,1,0.75,  2.03,3955.0,351.0,22.5356125356,6,"[1.594, 1.675, 1.0]"
BB3:GBL-TN+0.3E6,1.5,0.75,  2.69,4093.0,309.0,26.4919093851,6,"[1.594, 1.675, 1.0]"
BB3:GBL-TN+0.3E6,2,1.0,  2.19,2551.0,179.0,28.5027932961,6,"[1.594, 1.675, 1.0]"
BB3:GBL-TN+E6,1,0.5,  2.45,5876.0,480.0,24.4833333333,6,"[1.594, 1.675, 1.0]"
BB3:GBL-TN+E6,1.5,0.75,  2.03,4007.0,304.0,26.3618421053,6,"[1.594, 1.675, 1.0]"
BB3:GBL-TN+E6,2,1.0,  2.57,3968.0,196.0,40.4897959184,6,"[1.594, 1.675, 1.0]"
BB3:GBL-TN+E6,2,1.5,  2.19,4097.0,162.0,50.5802469136,6,"[1.594, 1.675, 1.0]"
BB3:GBL-TN+E6,2.5,1.25,  2.54,2760.0,106.0,52.0754716981,6,"[1.594, 1.675, 1.0]"
BB3:GBL-TN+E6,3,1.5,  2.41,1725.0,50.0,69.0,6,"[1.594, 1.675, 1.0]"
BB3:GBL-TN+E6,3.5,1.75,  2.86,1156.0,22.0,105.090909091,6,"[1.594, 1.675, 1.0]"
BB3:GBL-UB+E6,1,0.5,  2.27,5403.0,463.0,23.3390928726,6,"[2.354, 1.0, 1.476]"
BB3:GBL-UB+E6,1.5,0.75,  2.48,4864.0,318.0,30.5911949686,6,"[2.354, 1.0, 1.476]"
BB3:GBL-UB+E6,1.5,1.125,  2.02,4461.0,243.0,36.7160493827,6,"[2.354, 1.0, 1.476]"
BB3:GBL-UB+E6,2,1.0,  2.82,4184.0,202.0,41.4257425743,6,"[2.354, 1.0, 1.476]"
BB3:GBL-UB+E6,2,1.5,  2.99,5376.0,174.0,61.7931034483,6,"[2.354, 1.0, 1.476]"
BB3:GBL-UB+E6,2.5,1.25,  2.10,2204.0,100.0,44.08,6,"[2.354, 1.0, 1.476]"
BB3:GBL-UB+E6,3.5,2.625,  2.04,1212.0,22.0,110.181818182,6,"[2.354, 1.0, 1.476]"
BB3:GBL-US10Y+0.3E6,1,0.5,  2.68,5072.0,441.0,23.0022675737,6,"[7.362, 1.0, 4.617]"
BB3:GBL-US10Y+0.3E6,1,0.75,  2.09,4208.0,335.0,25.1223880597,6,"[7.362, 1.0, 4.617]"
BB3:GBL-US10Y+0.3E6,1.5,0.75,  2.70,4254.0,291.0,29.2371134021,6,"[7.362, 1.0, 4.617]"
BB3:GBL-US10Y+0.5E6,1,0.5,  2.81,5669.0,471.0,24.0721868365,6,"[7.362, 1.0, 4.617]"
BB3:GBL-US10Y+0.5E6,1,0.75,  2.42,5175.0,377.0,27.4535809019,6,"[7.362, 1.0, 4.617]"
BB3:GBL-US10Y+0.5E6,1.5,0.75,  2.87,4764.0,295.0,32.2983050847,6,"[7.362, 1.0, 4.617]"
BB3:GBL-US10Y+0.5E6,2,1.0,  2.84,3584.0,191.0,37.5287958115,6,"[7.362, 1.0, 4.617]"
BB3:GBL-US10Y+0.5E6,2,1.5,  2.01,3207.0,159.0,40.3396226415,6,"[7.362, 1.0, 4.617]"
BB3:GBL-US10Y+0.5E6,2.5,1.25,  2.68,2337.0,102.0,45.8235294118,6,"[7.362, 1.0, 4.617]"
BB3:GBL-US10Y+0.5E6,2.5,1.875,  2.63,3025.0,94.0,64.3617021277,6,"[7.362, 1.0, 4.617]"
BB3:GBL-US10Y+0.5E6,3,2.25,  2.29,1855.0,50.0,74.2,6,"[7.362, 1.0, 4.617]"
BB3:GBL-US7Y+0.3E6,1,0.5,  2.64,5586.0,445.0,25.1056179775,6,"[5.626, 1.0, 3.528]"
BB3:GBL-US7Y+0.3E6,1.5,0.75,  2.83,5096.0,311.0,32.7717041801,6,"[5.626, 1.0, 3.528]"
BB3:GBL-US7Y+0.3E6,2,1.0,  2.31,3152.0,185.0,34.0756756757,6,"[5.626, 1.0, 3.528]"
BB3:GBL-US7Y+0.3E6,2,1.5,  2.09,3416.0,157.0,43.5159235669,6,"[5.626, 1.0, 3.528]"
BB3:GBL-US7Y+0.3E6,2.5,1.25,  2.32,2359.0,109.0,43.2844036697,6,"[5.626, 1.0, 3.528]"
BB3:GBL-US7Y+0.3E6,2.5,1.875,  2.05,2701.0,99.0,54.5656565657,6,"[5.626, 1.0, 3.528]"
BB3:GBL-US7Y+0.5E6,1,0.5,  2.93,6508.0,487.0,26.726899384,6,"[5.626, 1.0, 3.528]"
BB3:GBL-US7Y+0.5E6,1,0.75,  2.66,6234.0,391.0,31.8874680307,6,"[5.626, 1.0, 3.528]"
BB3:GBL-US7Y+0.5E6,1.5,0.75,  3.09,5676.0,325.0,34.9292307692,6,"[5.626, 1.0, 3.528]"
BB3:GBL-US7Y+0.5E6,1.5,1.125,  2.08,4319.0,241.0,35.8423236515,6,"[5.626, 1.0, 3.528]"
BB3:GBL-US7Y+0.5E6,2,1.0,  2.92,4292.0,219.0,39.196347032,6,"[5.626, 1.0, 3.528]"
BB3:GBL-US7Y+0.5E6,2,1.5,  2.36,4234.0,177.0,47.8418079096,6,"[5.626, 1.0, 3.528]"
BB3:GBL-US7Y+0.5E6,2.5,1.25,  2.62,2613.0,113.0,46.2477876106,6,"[5.626, 1.0, 3.528]"
BB3:GBL-US7Y+0.5E6,2.5,1.875,  2.00,2772.0,103.0,53.8252427184,6,"[5.626, 1.0, 3.528]"
BB3:GBL-US7Y+0.5E6,3,1.5,  2.00,1324.0,50.0,52.96,6,"[5.626, 1.0, 3.528]"
BB3:GBL-US7Y+0.5E6,3.5,1.75,  2.11,794.0,20.0,79.4,6,"[5.626, 1.0, 3.528]"
BB3:GBL-ZB+0.5E6,1,0.5,  2.00,4110.0,451.0,18.2261640798,6,"[1.609, 1.0, 1.009]"
BB3:GBL-ZB+0.5E6,1.5,0.75,  2.00,3410.0,294.0,23.1972789116,6,"[1.609, 1.0, 1.009]"
BB3:GBL-ZB+0.5E6,2,1.0,  2.58,3334.0,192.0,34.7291666667,6,"[1.609, 1.0, 1.009]"
BB3:GBL-ZB+0.5E6,2.5,1.25,  2.33,2066.0,104.0,39.7307692308,6,"[1.609, 1.0, 1.009]"
BB3:GBL-ZB+0.7E6,1,0.5,  2.33,5067.0,462.0,21.9350649351,6,"[1.609, 1.0, 1.009]"
BB3:GBL-ZB+0.7E6,1.5,0.75,  3.15,5713.0,336.0,34.005952381,6,"[1.609, 1.0, 1.009]"
BB3:GBL-ZB+0.7E6,1.5,1.125,  2.05,4216.0,248.0,34.0,6,"[1.609, 1.0, 1.009]"
BB3:GBL-ZB+0.7E6,2,1.0,  3.13,4258.0,208.0,40.9423076923,6,"[1.609, 1.0, 1.009]"
BB3:GBL-ZB+0.7E6,2,1.5,  2.25,3823.0,166.0,46.0602409639,6,"[1.609, 1.0, 1.009]"
BB3:GBL-ZB+E6,1,0.5,  2.41,5782.0,460.0,25.1391304348,6,"[1.609, 1.0, 1.009]"
BB3:GBL-ZB+E6,1.5,0.75,  2.44,4903.0,318.0,30.8364779874,6,"[1.609, 1.0, 1.009]"
BB3:GBL-ZB+E6,1.5,1.125,  2.24,5019.0,240.0,41.825,6,"[1.609, 1.0, 1.009]"
BB3:GBL-ZB+E6,2,1.0,  2.01,3105.0,184.0,33.75,6,"[1.609, 1.0, 1.009]"
BB3:GBL-ZB+E6,2,1.5,  2.29,4200.0,156.0,53.8461538462,6,"[1.609, 1.0, 1.009]"
BB3:GBL-ZN+0.3E6-0.3ES,1,0.5,  2.59,5086.0,483.0,21.0600414079,6,"[4.38, 6.329, 2.747, 1.0]"
BB3:GBL-ZN+0.3E6-0.3ES,1,0.75,  2.22,4652.0,369.0,25.2140921409,6,"[4.38, 6.329, 2.747, 1.0]"
BB3:GBL-ZN+0.3E6-0.3ES,1.5,0.75,  2.34,3732.0,300.0,24.88,6,"[4.38, 6.329, 2.747, 1.0]"
BB3:GBL-ZN+0.3E6-0.3ES,1.5,1.125,  2.16,3941.0,246.0,32.0406504065,6,"[4.38, 6.329, 2.747, 1.0]"
BB3:GBL-ZN+0.3E6,1,0.5,  2.46,4861.0,445.0,21.8471910112,6,"[1.594, 2.304, 1.0]"
BB3:GBL-ZN+0.3E6,1.5,0.75,  2.56,4257.0,295.0,28.8610169492,6,"[1.594, 2.304, 1.0]"
BB3:GBL-ZN+0.3E6,2,1.0,  2.75,3532.0,201.0,35.144278607,6,"[1.594, 2.304, 1.0]"
BB3:GBL-ZN+0.3E6,2,1.5,  2.18,3352.0,165.0,40.6303030303,6,"[1.594, 2.304, 1.0]"
BB3:GBL-ZN+0.3E6,2.5,1.25,  2.06,1881.0,100.0,37.62,6,"[1.594, 2.304, 1.0]"
BB3:GBL-ZN+0.5E6,1,0.5,  3.27,6744.0,515.0,26.1902912621,6,"[1.594, 2.304, 1.0]"
BB3:GBL-ZN+0.5E6,1,0.75,  2.78,6073.0,395.0,30.7493670886,6,"[1.594, 2.304, 1.0]"
BB3:GBL-ZN+0.5E6,1.5,0.75,  3.07,5200.0,339.0,30.6784660767,6,"[1.594, 2.304, 1.0]"
BB3:GBL-ZN+0.5E6,1.5,1.125,  2.08,4060.0,247.0,32.8744939271,6,"[1.594, 2.304, 1.0]"
BB3:GBL-ZN+0.5E6,2,1.0,  2.83,3736.0,215.0,34.7534883721,6,"[1.594, 2.304, 1.0]"
BB3:GBL-ZN+0.5E6,2,1.5,  2.41,3886.0,179.0,43.4189944134,6,"[1.594, 2.304, 1.0]"
BB3:GBL-ZN+0.5E6,2.5,1.25,  2.10,2010.0,108.0,37.2222222222,6,"[1.594, 2.304, 1.0]"
BB3:GBL-ZN+0.75E6,1,0.5,  3.96,8742.0,569.0,30.7275922671,6,"[1.594, 2.304, 1.0]"
BB3:GBL-ZN+0.75E6,1,0.75,  2.92,6913.0,417.0,33.1558752998,6,"[1.594, 2.304, 1.0]"
BB3:GBL-ZN+0.75E6,1.5,0.75,  2.52,4636.0,321.0,28.8847352025,6,"[1.594, 2.304, 1.0]"
BB3:GBL-ZN+0.75E6,1.5,1.125,  2.05,4225.0,249.0,33.9357429719,6,"[1.594, 2.304, 1.0]"
BB3:GBL-ZN+0.75E6,2,1.0,  2.41,3459.0,197.0,35.116751269,6,"[1.594, 2.304, 1.0]"
BB3:GBL-ZN+0.75E6,2,1.5,  2.14,3762.0,169.0,44.5207100592,6,"[1.594, 2.304, 1.0]"
BB3:GBL-ZN+0.75E6,2.5,1.25,  2.43,2481.0,110.0,45.1090909091,6,"[1.594, 2.304, 1.0]"
BB3:GBL-ZN+0.75E6,3,1.5,  2.52,1683.0,56.0,60.1071428571,6,"[1.594, 2.304, 1.0]"
BB3:GBL-ZN+E6,1,0.5,  2.95,7342.0,527.0,27.8633776091,6,"[1.594, 2.304, 1.0]"
BB3:GBL-ZN+E6,1,0.75,  2.24,5904.0,373.0,31.6568364611,6,"[1.594, 2.304, 1.0]"
BB3:GBL-ZN+E6,1.5,0.75,  2.18,4512.0,310.0,29.1096774194,6,"[1.594, 2.304, 1.0]"
BB3:GBL-ZN+E6,1.5,1.125,  2.26,5167.0,251.0,41.171314741,6,"[1.594, 2.304, 1.0]"
BB3:GBL-ZN+E6,2,1.0,  2.50,4032.0,206.0,39.145631068,6,"[1.594, 2.304, 1.0]"
BB3:GBL-ZN+E6,2,1.5,  2.15,4173.0,170.0,49.0941176471,6,"[1.594, 2.304, 1.0]"
BB3:GBL-ZN+E6,2.5,1.25,  2.15,2496.0,108.0,46.2222222222,6,"[1.594, 2.304, 1.0]"
BB3:GBL-ZN+E6,3,1.5,  3.13,2400.0,62.0,77.4193548387,6,"[1.594, 2.304, 1.0]"
BB3:GBL-ZN-GBX+ZB,1,0.5,  3.07,6190.0,581.0,21.3080895009,6,"[2.693, 3.891, 1.0, 1.673]"
BB3:GBL-ZN-GBX+ZB,1.5,0.75,  2.99,4948.0,391.0,25.3094629156,6,"[2.693, 3.891, 1.0, 1.673]"
BB3:GBM-GBX-ESX+ESB,1,0.5,  2.10,5753.0,381.0,30.1994750656,16,"[7.043, 1.0, 2.755, 13.195]"
BB3:GBM-GBX-ESX+ESB,3.5,2.625,  2.01,1371.0,24.0,114.25,16,"[7.043, 1.0, 2.755, 13.195]"
BB3:GBM-ZF+0.5E6,1,0.5,  2.31,5685.0,353.0,32.209631728,16,"[4.171, 3.664, 1.0]"
BB3:GBM-ZF+0.5E6,1.5,0.75,  2.34,4741.0,257.0,36.8949416342,16,"[4.171, 3.664, 1.0]"
BB3:GBM-ZN+0.5E6,1.5,0.75,  2.08,4264.0,243.0,35.0946502058,16,"[4.171, 2.304, 1.0]"
BB3:GBS-GBL-0.3ESX,1,0.5,  2.03,5659.0,261.0,43.3639846743,23,"[12.393, 1.0, 1.023]"
BB3:GBS-GBL-0.3ESX,1.5,0.75,  2.22,4894.0,219.0,44.6940639269,23,"[12.393, 1.0, 1.023]"
BB3:GBS-GBL-0.3ESX,2,1.0,  2.55,4221.0,149.0,56.6577181208,23,"[12.393, 1.0, 1.023]"
BB3:GBS-GBL-0.3ESX,2.5,1.25,  2.11,2289.0,77.0,59.4545454545,23,"[12.393, 1.0, 1.023]"
BB3:GBS-GBL-0.4ESX,1.5,0.75,  2.32,5134.0,227.0,45.2334801762,23,"[12.393, 1.0, 1.023]"
BB3:GBS-GBL-0.4ESX,2,1.0,  2.52,4249.0,149.0,57.033557047,23,"[12.393, 1.0, 1.023]"
BB3:GBS-GBL-0.5ESX,1.5,0.75,  2.06,4728.0,217.0,43.5760368664,23,"[12.393, 1.0, 1.023]"
BB3:GBS-GBL-0.5ESX,2,1.0,  2.44,4284.0,149.0,57.5033557047,23,"[12.393, 1.0, 1.023]"
BB3:GBS-GBL-0.5ESX,2.5,1.25,  2.06,2386.0,80.0,59.65,23,"[12.393, 1.0, 1.023]"
BB3:GBS-ZT+E6,1,0.5,  2.01,8145.0,375.0,43.44,23,"[19.76, 5.053, 1.0]"
BB3:GBS-ZT+E6,2.5,1.25,  2.76,5137.0,107.0,96.0186915888,23,"[19.76, 5.053, 1.0]"
BB3:GBS-ZT+E6,3,1.5,  2.21,2526.0,46.0,109.826086957,23,"[19.76, 5.053, 1.0]"
BB3:GBX+E6,2,1.5,  2.21,4232.0,149.0,56.8053691275,11,"[1.0, 1.689]"
BB3:GBX+E6,2.5,2.5,  2.43,7486.0,53.0,282.490566038,11,"[1.0, 1.689]"
BB3:GBX+E6,3,3,  2.15,6621.0,33.0,401.272727273,11,"[1.0, 1.689]"
BB3:GBX-TN+0.3E6,1,0.5,  2.18,3950.0,362.0,21.8232044199,11,"[1.0, 2.829, 1.689]"
BB3:GBX-TN+0.3E6,1.5,0.75,  2.20,3277.0,256.0,25.6015625,11,"[1.0, 2.829, 1.689]"
BB3:GBX-TN+0.3E6,2,1.0,  2.80,3279.0,176.0,37.2613636364,11,"[1.0, 2.829, 1.689]"
BB3:GBX-TN+E6,1,0.5,  2.58,6081.0,415.0,29.3060240964,11,"[1.0, 2.829, 1.689]"
BB3:GBX-TN+E6,1,0.75,  2.47,6151.0,327.0,37.620795107,11,"[1.0, 2.829, 1.689]"
BB3:GBX-TN+E6,1.5,0.75,  2.82,5547.0,289.0,38.3875432526,11,"[1.0, 2.829, 1.689]"
BB3:GBX-TN+E6,1.5,1.125,  2.59,5655.0,225.0,50.2666666667,11,"[1.0, 2.829, 1.689]"
BB3:GBX-TN+E6,2,1.0,  2.90,4567.0,193.0,47.3264248705,11,"[1.0, 2.829, 1.689]"
BB3:GBX-TN+E6,2,1.5,  2.45,4641.0,161.0,57.652173913,11,"[1.0, 2.829, 1.689]"
BB3:GBX-TN+E6,2.5,1.25,  2.60,2813.0,98.0,57.4081632653,11,"[1.0, 2.829, 1.689]"
BB3:GBX-TN+E6,3,1.5,  3.99,2772.0,56.0,99.0,11,"[1.0, 2.829, 1.689]"
BB3:GBX-TN+E6,3,2.25,  2.93,3039.0,56.0,108.535714286,11,"[1.0, 2.829, 1.689]"
BB3:GBX-TN+E6,3.5,1.75,  2.97,1216.0,22.0,110.545454545,11,"[1.0, 2.829, 1.689]"
BB3:GBX-TN+E6,3.5,2.625,  2.09,1316.0,22.0,119.636363636,11,"[1.0, 2.829, 1.689]"
BB3:GBX-UB,3.5,2.625,  2.12,1169.0,26.0,89.9230769231,11,"[1.0, 1.144]"
BB3:GBX-ZB+0.3E6,1,0.5,  2.26,4293.0,377.0,22.774535809,11,"[1.0, 1.673, 1.689]"
BB3:GBX-ZB+0.3E6,1.5,0.75,  2.15,3326.0,258.0,25.7829457364,11,"[1.0, 1.673, 1.689]"
BB3:GBX-ZB+0.5E6,1,0.5,  2.21,4405.0,375.0,23.4933333333,11,"[1.0, 1.673, 1.689]"
BB3:GBX-ZB+0.5E6,1.5,0.75,  2.14,3522.0,250.0,28.176,11,"[1.0, 1.673, 1.689]"
BB3:GBX-ZB+0.5E6,1.5,1.125,  2.34,4300.0,217.0,39.6313364055,11,"[1.0, 1.673, 1.689]"
BB3:GBX-ZB+0.5E6,2,1.0,  2.87,3566.0,170.0,41.9529411765,11,"[1.0, 1.673, 1.689]"
BB3:GBX-ZB+0.5E6,2,1.5,  2.52,3901.0,152.0,51.3289473684,11,"[1.0, 1.673, 1.689]"
BB3:GBX-ZB+0.5E6,2.5,1.25,  2.06,1695.0,80.0,42.375,11,"[1.0, 1.673, 1.689]"
BB3:GBX-ZB+0.75E6,1,0.5,  2.80,6046.0,417.0,28.9976019185,11,"[1.0, 1.673, 1.689]"
BB3:GBX-ZB+0.75E6,1,0.75,  2.55,5841.0,325.0,35.9446153846,11,"[1.0, 1.673, 1.689]"
BB3:GBX-ZB+0.75E6,1,1,  2.14,5982.0,169.0,70.7928994083,11,"[1.0, 1.673, 1.689]"
BB3:GBX-ZB+0.75E6,1.5,0.75,  3.02,5495.0,287.0,38.2926829268,11,"[1.0, 1.673, 1.689]"
BB3:GBX-ZB+0.75E6,1.5,1.125,  2.51,5103.0,229.0,44.5676855895,11,"[1.0, 1.673, 1.689]"
BB3:GBX-ZB+0.75E6,2,1.0,  3.11,4240.0,186.0,45.5913978495,11,"[1.0, 1.673, 1.689]"
BB3:GBX-ZB+0.75E6,2,1.5,  2.41,4035.0,153.0,52.7450980392,11,"[1.0, 1.673, 1.689]"
BB3:GBX-ZB+0.75E6,2.5,1.25,  2.77,2636.0,100.0,52.72,11,"[1.0, 1.673, 1.689]"
BB3:GBX-ZB+0.75E6,2.5,1.875,  2.21,2768.0,88.0,62.9090909091,11,"[1.0, 1.673, 1.689]"
BB3:GBX-ZB+E6,1,0.5,  3.14,7673.0,455.0,33.7274725275,11,"[1.0, 1.673, 1.689]"
BB3:GBX-ZB+E6,1,0.75,  2.70,6978.0,349.0,39.9885386819,11,"[1.0, 1.673, 1.689]"
BB3:GBX-ZB+E6,1,1,  2.50,7805.0,181.0,86.2430939227,11,"[1.0, 1.673, 1.689]"
BB3:GBX-ZB+E6,1.5,0.75,  2.93,5889.0,297.0,39.6565656566,11,"[1.0, 1.673, 1.689]"
BB3:GBX-ZB+E6,1.5,1.125,  2.29,5172.0,223.0,46.3856502242,11,"[1.0, 1.673, 1.689]"
BB3:GBX-ZB+E6,2,1.0,  2.83,4358.0,187.0,46.6096256684,11,"[1.0, 1.673, 1.689]"
BB3:GBX-ZB+E6,2,1.5,  2.40,4510.0,155.0,58.1935483871,11,"[1.0, 1.673, 1.689]"
BB3:GBX-ZB+E6,2.5,1.25,  2.55,2813.0,104.0,54.0961538462,11,"[1.0, 1.673, 1.689]"
BB3:GBX-ZB+E6,3,2.25,  2.03,2158.0,54.0,79.9259259259,11,"[1.0, 1.673, 1.689]"
BB3:GBX-ZN+0.3E6,1,0.5,  2.17,4279.0,368.0,23.2554347826,11,"[1.0, 3.891, 1.689]"
BB3:GBX-ZN+0.3E6,1.5,0.75,  2.51,4150.0,268.0,30.9701492537,11,"[1.0, 3.891, 1.689]"
BB3:GBX-ZN+0.3E6,1.5,1.125,  2.04,3813.0,218.0,34.9816513761,11,"[1.0, 3.891, 1.689]"
BB3:GBX-ZN+0.3E6,2.5,1.25,  2.30,2083.0,102.0,40.8431372549,11,"[1.0, 3.891, 1.689]"
BB3:GBX-ZN+0.3E6,2.5,1.875,  2.01,2466.0,92.0,53.6086956522,11,"[1.0, 3.891, 1.689]"
BB3:GBX-ZN+E6,1,0.5,  2.34,5811.0,401.0,28.9825436409,11,"[1.0, 3.891, 1.689]"
BB3:GBX-ZN+E6,1.5,0.75,  2.61,5519.0,295.0,37.4169491525,11,"[1.0, 3.891, 1.689]"
BB3:GBX-ZN+E6,1.5,1.125,  2.27,5273.0,235.0,44.8765957447,11,"[1.0, 3.891, 1.689]"
BB3:GBX-ZN+E6,2,1.0,  2.33,3807.0,186.0,40.935483871,11,"[1.0, 3.891, 1.689]"
BB3:GBX-ZN+E6,2,1.5,  2.08,4156.0,160.0,51.95,11,"[1.0, 3.891, 1.689]"
BB3:GBX-ZN+E6,2.5,1.25,  2.90,3296.0,110.0,59.9272727273,11,"[1.0, 3.891, 1.689]"
BB3:GBX-ZN+E6,3,1.5,  3.15,2285.0,52.0,87.8846153846,11,"[1.0, 3.891, 1.689]"
BB3:GBX-ZN+E6,3.5,1.75,  2.02,792.0,14.0,113.142857143,11,"[1.0, 3.891, 1.689]"
BB3:GC-E6,2.5,1.875,  2.12,2794.0,117.0,47.7606837607,5,"[1.0, 1.033]"
BB3:GC-SI,1,0.5,  2.06,3294.0,489.0,13.472392638,5,"[1.135, 1.0]"
BB3:GC-SI,1.5,0.75,  2.35,3180.0,357.0,17.8151260504,5,"[1.135, 1.0]"
BB3:GC-SI,1.5,1.125,  2.09,3124.0,265.0,23.5773584906,5,"[1.135, 1.0]"
BB3:HG-A6,1,0.75,  2.08,5046.0,435.0,23.2,5,"[1.0, 1.913]"
BB3:HG-A6,2.5,1.25,  2.02,2316.0,135.0,34.3111111111,5,"[1.0, 1.913]"
BB3:HG-E6,4,2.0,  2.28,1001.0,22.0,91.0,5,"[1.0, 1.395]"
BB3:HG-E6,4,3.0,  2.04,1293.0,22.0,117.545454545,5,"[1.0, 1.395]"
BB3:HG-ESX,3,1.5,  2.81,1842.0,46.0,80.0869565217,5,"[1.0, 2.277]"
BB3:HG-ESX,3.5,2.625,  2.37,1333.0,18.0,148.111111111,5,"[1.0, 2.277]"
BB3:HG-ESX,3.5,3.5,  2.01,6070.0,17.0,714.117647059,5,"[1.0, 2.277]"
BB3:HG-GC,1,1,  2.09,6168.0,193.0,63.9170984456,5,"[1.0, 1.35]"
BB3:HG-GC,1.5,0.75,  2.22,4359.0,355.0,24.5577464789,5,"[1.0, 1.35]"
BB3:HG-GC,1.5,1.125,  2.32,4977.0,275.0,36.1963636364,5,"[1.0, 1.35]"
BB3:HG-GC,1.5,1.5,  2.07,6082.0,129.0,94.2945736434,5,"[1.0, 1.35]"
BB3:HG-GC,2,1.0,  3.30,5322.0,253.0,42.0711462451,5,"[1.0, 1.35]"
BB3:HG-GC,2,1.5,  2.70,5160.0,203.0,50.8374384236,5,"[1.0, 1.35]"
BB3:HG-GC,2.5,1.25,  2.54,3140.0,147.0,42.7210884354,5,"[1.0, 1.35]"
BB3:HG-GC,2.5,1.875,  2.66,4025.0,131.0,61.4503816794,5,"[1.0, 1.35]"
BB3:HG-GC,3,2.25,  2.26,2727.0,84.0,64.9285714286,5,"[1.0, 1.35]"
BB3:HG-MME,3.5,1.75,  2.49,1186.0,29.0,81.7931034483,13,"[1.0, 1.254]"
BB3:HG-MME,3.5,2.625,  2.35,1587.0,29.0,109.448275862,13,"[1.0, 1.254]"
BB3:HG-R6,3.5,1.75,  2.29,3185.0,46.0,138.47826087,5,"[1.0, 2.768]"
BB3:HG-SI,1.5,1.125,  2.03,4027.0,261.0,30.8582375479,5,"[1.0, 1.19]"
BB3:HG-X,2.5,1.25,  2.14,2773.0,120.0,46.2166666667,5,"[1.061, 1.0]"
BB3:HG-X,2.5,1.875,  2.11,3391.0,108.0,62.7962962963,5,"[1.061, 1.0]"
BB3:HG-X,3,1.5,  2.87,2479.0,72.0,68.8611111111,5,"[1.061, 1.0]"
BB3:HG-X,3.5,1.75,  2.37,1105.0,26.0,85.0,5,"[1.061, 1.0]"
BB3:HG-X,4,2.0,  2.77,455.0,8.0,113.75,5,"[1.061, 1.0]"
BB3:HG-YAP,3.5,3.5,  2.21,7094.0,13.0,1091.38461538,5,"[1.058, 1.0]"
BB3:HO-GC,3.5,3.5,  2.01,6870.0,21.0,654.285714286,6,"[1.0, 2.577]"
BB3:M6-E6,3,3,  2.23,6171.0,47.0,262.595744681,11,"[2.885, 1.0]"
BB3:M6-E6,3.5,1.75,  2.13,1352.0,42.0,64.380952381,11,"[2.885, 1.0]"
BB3:M6-S6,3.5,2.625,  2.31,1708.0,32.0,106.75,11,"[2.076, 1.0]"
BB3:M6-S6,4,3.0,  2.05,1101.0,18.0,122.333333333,11,"[2.076, 1.0]"
BB3:MME+ICEDX,1,1,  2.17,6384.0,173.0,73.8034682081,6,"[1.0, 2.031]"
BB3:MME+ICEDX,1.5,1.5,  2.77,8137.0,133.0,122.360902256,6,"[1.0, 2.031]"
BB3:MME+ICEDX,2,2,  2.36,6946.0,85.0,163.435294118,6,"[1.0, 2.031]"
BB3:MME-ESX,1,0.5,  2.65,4285.0,375.0,22.8533333333,6,"[1.0, 1.815]"
BB3:MME-ESX,1,0.75,  2.51,4293.0,299.0,28.7157190635,6,"[1.0, 1.815]"
BB3:MME-ESX,1.5,0.75,  2.18,3004.0,238.0,25.243697479,6,"[1.0, 1.815]"
BB3:MME-ESX,1.5,1.125,  2.08,3185.0,189.0,33.7037037037,6,"[1.0, 1.815]"
BB3:MX-DF,1,0.5,  2.98,4006.0,413.0,19.3995157385,6,"[6.082, 1.0]"
BB3:MX-DF,1,0.75,  2.99,4281.0,309.0,27.7087378641,6,"[6.082, 1.0]"
BB3:MX-DF,1,1,  2.24,3769.0,171.0,44.081871345,6,"[6.082, 1.0]"
BB3:MX-DF,1.5,0.75,  2.82,3302.0,291.0,22.6941580756,6,"[6.082, 1.0]"
BB3:MX-DF,1.5,1.125,  2.87,3634.0,245.0,29.6653061224,6,"[6.082, 1.0]"
BB3:MX-DF,1.5,1.5,  2.47,4149.0,119.0,69.731092437,6,"[6.082, 1.0]"
BB3:MX-DF,2,1.0,  2.26,2158.0,171.0,25.2397660819,6,"[6.082, 1.0]"
BB3:MX-DF,2.5,1.25,  2.24,1829.0,116.0,31.5344827586,6,"[6.082, 1.0]"
BB3:MX-DF,2.5,1.875,  2.71,2510.0,109.0,46.0550458716,6,"[6.082, 1.0]"
BB3:MX-DF,3,1.5,  2.25,1649.0,76.0,43.3947368421,6,"[6.082, 1.0]"
BB3:MX-DF,3,2.25,  2.59,2155.0,75.0,57.4666666667,6,"[6.082, 1.0]"
BB3:MX-DF,3,3,  2.51,4215.0,43.0,196.046511628,6,"[6.082, 1.0]"
BB3:MX-DF,3.5,2.625,  2.07,1483.0,37.0,80.1621621622,6,"[6.082, 1.0]"
BB3:MX-DF,4,2.0,  2.02,1225.0,22.0,111.363636364,6,"[6.082, 1.0]"
BB3:MX-DF,4,3.0,  2.04,1331.0,21.0,126.761904762,6,"[6.082, 1.0]"
BB3:N6-ESX,1.5,1.125,  2.05,5165.0,239.0,43.2217573222,6,"[1.0, 1.011]"
BB3:NKD-E6,3.5,3.5,  2.47,8453.0,25.0,676.24,6,"[1.0, 2.411]"
BB3:NKD-ESX,2,1.0,  2.26,2689.0,202.0,26.6237623762,6,"[1.0, 3.933]"
BB3:NKD-MX,2,1.0,  2.14,2249.0,176.0,25.5568181818,6,"[1.0, 2.467]"
BB3:NKD-MX,2.5,1.25,  2.59,1948.0,110.0,35.4181818182,6,"[1.0, 2.467]"
BB3:NKD-MX,2.5,1.875,  2.11,2125.0,96.0,44.2708333333,6,"[1.0, 2.467]"
BB3:NKD-MX,3,2.25,  2.13,1544.0,56.0,55.1428571429,6,"[1.0, 2.467]"
BB3:NKD-MX,3.5,2.625,  2.10,1179.0,42.0,56.1428571429,6,"[1.0, 2.467]"
BB3:NKD-SXF-0.3C6+0.3J6,1,0.5,  2.40,4664.0,351.0,26.5754985755,6,"[1.0, 1.272, 4.394, 4.006]"
BB3:NKD-SXF-0.3C6+0.3J6,1,0.75,  2.56,5219.0,301.0,34.6777408638,6,"[1.0, 1.272, 4.394, 4.006]"
BB3:NKD-SXF-0.3C6+0.3J6,1.5,0.75,  2.12,3331.0,257.0,25.9221789883,6,"[1.0, 1.272, 4.394, 4.006]"
BB3:NKD-SXF-0.3C6+0.3J6,1.5,1.125,  2.43,4277.0,213.0,40.1596244131,6,"[1.0, 1.272, 4.394, 4.006]"
BB3:NKD-X-0.3B6+0.3J6,1.5,0.75,  2.16,3360.0,328.0,20.487804878,6,"[1.0, 1.628, 3.511, 4.006]"
BB3:NKD-X-0.3B6+0.3J6,2,1.0,  2.19,2626.0,206.0,25.4951456311,6,"[1.0, 1.628, 3.511, 4.006]"
BB3:NKD-X-0.3B6+0.3J6,2.5,1.25,  2.04,1766.0,122.0,28.9508196721,6,"[1.0, 1.628, 3.511, 4.006]"
BB3:NKD-X-0.5B6+0.5J6,1,0.75,  2.26,4670.0,392.0,23.8265306122,6,"[1.0, 1.628, 3.511, 4.006]"
BB3:NKD-X-0.5B6+0.5J6,1.5,0.75,  2.08,3367.0,314.0,21.4458598726,6,"[1.0, 1.628, 3.511, 4.006]"
BB3:NKD-X-0.5B6+0.5J6,2,1.0,  2.19,2730.0,204.0,26.7647058824,6,"[1.0, 1.628, 3.511, 4.006]"
BB3:NKD-X,4,2.0,  2.40,596.0,12.0,99.3333333333,6,"[1.0, 1.628]"
BB3:OAT-0.7GBL-0.3BTP,4,2.0,  2.54,459.0,16.0,57.375,11,"[3.017, 2.346, 1.0]"
BB3:OAT-GBL-0.5DF+0.5MX,1,0.5,  2.53,3334.0,319.0,20.9028213166,11,"[12.192, 9.479, 1.0, 6.082]"
BB3:OAT-GBL-0.5DF+0.5MX,1.5,0.75,  2.44,2566.0,231.0,22.2164502165,11,"[12.192, 9.479, 1.0, 6.082]"
BB3:OAT-GBL-0.5DF+0.5MX,2,1.5,  2.27,2284.0,139.0,32.8633093525,11,"[12.192, 9.479, 1.0, 6.082]"
BB3:OAT-GBL-0.5DF+0.5MX,2.5,1.25,  2.22,1309.0,89.0,29.4157303371,11,"[12.192, 9.479, 1.0, 6.082]"
BB3:OAT-GBL-0.5DF+0.5MX,2.5,1.875,  2.42,1843.0,83.0,44.4096385542,11,"[12.192, 9.479, 1.0, 6.082]"
BB3:OAT-GBL-0.5DF+0.5MX,3.5,1.75,  2.03,545.0,20.0,54.5,11,"[12.192, 9.479, 1.0, 6.082]"
BB3:OAT-GBL-0.5DF+0.5MX,4,3.0,  2.62,293.0,6.0,97.6666666667,11,"[12.192, 9.479, 1.0, 6.082]"
BB3:OAT-R-0.3B6+0.3E6,1.5,1.5,  2.04,3974.0,91.0,87.3406593407,15,"[2.051, 1.235, 1.456, 1.0]"
BB3:OAT-R-0.3B6+0.3E6,2,1.0,  2.12,1998.0,130.0,30.7384615385,15,"[2.051, 1.235, 1.456, 1.0]"
BB3:OAT-R-0.3B6+0.3E6,2.5,1.875,  2.21,1956.0,70.0,55.8857142857,15,"[2.051, 1.235, 1.456, 1.0]"
BB3:OAT-R-0.3B6+0.3E6,3,1.5,  2.13,974.0,46.0,42.347826087,15,"[2.051, 1.235, 1.456, 1.0]"
BB3:OAT-R-0.5B6+0.5E6,1.5,0.75,  2.51,3256.0,220.0,29.6,15,"[2.051, 1.235, 1.456, 1.0]"
BB3:OAT-R-0.5B6+0.5E6,2,1.0,  2.44,2407.0,146.0,32.9726027397,15,"[2.051, 1.235, 1.456, 1.0]"
BB3:OAT-R-0.5B6+0.5E6,2,1.5,  2.17,2712.0,126.0,43.0476190476,15,"[2.051, 1.235, 1.456, 1.0]"
BB3:OAT-R-0.5X+0.5MX,2.5,2.5,  2.18,4887.0,49.0,199.469387755,15,"[3.038, 1.829, 1.0, 1.515]"
BB3:OAT-ZN+0.5E6,2,1.0,  2.26,3024.0,171.0,35.3684210526,15,"[2.051, 2.304, 1.0]"
BB3:OIL+ICEDX,3.5,3.5,  2.32,7765.0,29.0,535.517241379,6,"[1.0, 4.605]"
BB3:PA-HG,2,2,  2.95,9781.0,107.0,182.822429907,6,"[1.0, 2.06]"
BB3:PA-HG,2.5,2.5,  2.26,7435.0,71.0,209.436619718,6,"[1.0, 2.06]"
BB3:PA-PL,4,4,  2.37,7020.0,19.0,738.947368421,6,"[1.0, 4.073]"
BB3:PL-B6,3.5,2.625,  2.02,1760.0,38.0,92.6315789474,6,"[1.0, 1.028]"
BB3:PL-HG,1.5,0.75,  2.12,4143.0,332.0,24.9578313253,6,"[1.977, 1.0]"
BB3:PL-HG,2,1.0,  2.40,3768.0,226.0,33.3451327434,6,"[1.977, 1.0]"
BB3:PL-RB,4,2.0,  2.25,1175.0,26.0,90.3846153846,6,"[3.555, 1.0]"
BB3:PL-Z6,1,0.5,  2.04,6423.0,519.0,24.7514450867,6,"[1.0, 1.075]"
BB3:PL-Z6,2,1.0,  2.08,4943.0,239.0,41.3640167364,6,"[1.0, 1.075]"
BB3:R+0.5B6,1,0.5,  2.77,5225.0,422.0,24.7630331754,6,"[1.0, 1.179]"
BB3:R+0.5B6,1,0.75,  2.24,4507.0,326.0,27.6503067485,6,"[1.0, 1.179]"
BB3:R+0.5B6,1.5,0.75,  2.41,3892.0,284.0,27.4084507042,6,"[1.0, 1.179]"
BB3:R+0.5B6,1.5,1.125,  2.35,4189.0,232.0,36.1120689655,6,"[1.0, 1.179]"
BB3:R+0.5B6,2,1.0,  2.15,2686.0,188.0,28.5744680851,6,"[1.0, 1.179]"
BB3:R+0.5B6,2,1.5,  2.31,3439.0,160.0,42.9875,6,"[1.0, 1.179]"
BB3:R+B6,1,0.5,  2.86,6311.0,418.0,30.1961722488,6,"[1.0, 1.179]"
BB3:R+B6,1,0.75,  2.46,5785.0,310.0,37.3225806452,6,"[1.0, 1.179]"
BB3:R+B6,1.5,0.75,  2.78,5079.0,302.0,33.6357615894,6,"[1.0, 1.179]"
BB3:R+B6,1.5,1.125,  2.33,4770.0,216.0,44.1666666667,6,"[1.0, 1.179]"
BB3:R+B6,2,1.0,  2.39,3421.0,188.0,36.3936170213,6,"[1.0, 1.179]"
BB3:R+B6,2,1.5,  2.11,3586.0,148.0,48.4594594595,6,"[1.0, 1.179]"
BB3:R+B6,3,1.5,  3.46,2206.0,54.0,81.7037037037,6,"[1.0, 1.179]"
BB3:R+B6,3,2.25,  3.76,3345.0,54.0,123.888888889,6,"[1.0, 1.179]"
BB3:R+B6,3.5,2.625,  2.50,1572.0,24.0,131.0,6,"[1.0, 1.179]"
BB3:R+B6,4,3.0,  2.10,1046.0,16.0,130.75,6,"[1.0, 1.179]"
BB3:R+X+0.5B6-BT-NKD-0.5J6,2.5,2.5,  2.07,8990.0,55.0,326.909090909,6,"[2.978, 1.628, 3.511, 1.45, 1.0, 4.006]"
BB3:R+X+B6,3.5,1.75,  2.04,979.0,30.0,65.2666666667,6,"[1.829, 1.0, 2.157]"
BB3:R+X+B6,3.5,2.625,  2.09,1422.0,28.0,101.571428571,6,"[1.829, 1.0, 2.157]"
BB3:R+X-TS-YAP+B6-A6,1,0.5,  2.99,10536.0,400.0,52.68,6,"[1.829, 1.0, 3.836, 1.003, 2.157, 2.031]"
BB3:R+X-TS-YAP+B6-A6,1,0.75,  2.29,8463.0,290.0,58.3655172414,6,"[1.829, 1.0, 3.836, 1.003, 2.157, 2.031]"
BB3:R+X-TS-YAP+B6-A6,1.5,0.75,  2.28,6406.0,238.0,53.8319327731,6,"[1.829, 1.0, 3.836, 1.003, 2.157, 2.031]"
BB3:R-E6,3.5,1.75,  2.14,1668.0,46.0,72.5217391304,6,"[1.235, 1.0]"
BB3:R-J6+0.5X-0.5NKD,3.5,3.5,  2.38,7132.0,21.0,679.238095238,6,"[2.978, 4.006, 1.628, 1.0]"
BB3:R-US10Y+0.3B6,1.5,0.75,  2.08,3268.0,235.0,27.8127659574,11,"[5.702, 1.0, 6.723]"
BB3:R-US7Y+0.3B6,1,0.5,  2.42,4782.0,347.0,27.5619596542,11,"[4.358, 1.0, 5.138]"
BB3:R-ZF,1.5,1.5,  2.13,5255.0,109.0,96.4220183486,13,"[1.0, 2.966]"
BB3:R-ZF,2,1.0,  2.24,2678.0,151.0,35.4701986755,13,"[1.0, 2.966]"
BB3:R-ZF,2,2,  2.66,6575.0,81.0,162.345679012,13,"[1.0, 2.966]"
BB3:R-ZF,2.5,1.875,  2.00,2099.0,72.0,58.3055555556,13,"[1.0, 2.966]"
BB3:R-ZN+0.75B6,2,1.0,  2.17,3129.0,179.0,34.9608938547,11,"[1.0, 1.866, 1.179]"
BB3:R-ZN,2,1.0,  2.51,3051.0,157.0,38.8662420382,11,"[1.0, 1.866]"
BB3:R-ZN,2.5,1.25,  2.03,1677.0,88.0,38.1136363636,11,"[1.0, 1.866]"
BB3:R6-Z6,1,0.5,  2.02,7643.0,389.0,39.2956298201,15,"[1.303, 1.0]"
BB3:R6-Z6,2,1.0,  2.19,6301.0,195.0,64.6256410256,15,"[1.303, 1.0]"
BB3:R6-Z6,2,1.5,  2.20,7056.0,177.0,79.7288135593,15,"[1.303, 1.0]"
BB3:RB-HG,4,4,  2.16,7129.0,17.0,838.705882353,6,"[1.0, 1.798]"
BB3:RB-M6,4,4,  2.26,7485.0,17.0,880.588235294,6,"[1.0, 7.237]"
BB3:RB-ZW,2,1.0,  2.12,3954.0,185.0,42.7459459459,6,"[1.0, 5.936]"
BB3:SI-C6,4,2.0,  2.58,1099.0,24.0,91.5833333333,8,"[1.0, 2.138]"
BB3:SI-GC,1.5,0.75,  2.31,3150.0,321.0,19.6261682243,8,"[1.0, 1.135]"
BB3:SXF+0.5C6+0.5M6,4,3.0,  2.37,1355.0,16.0,169.375,11,"[1.0, 3.454, 5.467]"
BB3:SXF+0.5C6,1.5,1.125,  2.05,5022.0,205.0,48.9951219512,11,"[1.0, 3.454]"
BB3:SXF+0.5C6,2.5,1.875,  2.07,3203.0,86.0,74.488372093,11,"[1.0, 3.454]"
BB3:SXF+C6,2.5,1.875,  2.56,5231.0,106.0,98.6981132075,11,"[1.0, 3.454]"
BB3:SXF+C6,4,2.0,  2.19,843.0,12.0,140.5,11,"[1.0, 3.454]"
BB3:SXF-0.5CL-0.5C6,3.5,3.5,  2.02,5074.0,11.0,922.545454545,11,"[1.174, 1.0, 4.056]"
BB3:SXF-0.5CL-0.5C6,4,4,  2.71,6316.0,5.0,2526.4,11,"[1.174, 1.0, 4.056]"
BB3:SXF-C6,2,2,  2.05,6832.0,69.0,198.028985507,11,"[1.0, 3.454]"
BB3:SXF-DF-0.3E6+0.3C6,3,1.5,  2.22,1513.0,60.0,50.4333333333,11,"[3.137, 1.0, 5.945, 10.836]"
BB3:SXF-DF-0.5E6+0.5C6,2,2,  2.08,5575.0,73.0,152.739726027,11,"[3.137, 1.0, 5.945, 10.836]"
BB3:SXF-DF,2.5,1.875,  2.46,2903.0,94.0,61.7659574468,11,"[3.137, 1.0]"
BB3:SXF-DF,3,2.25,  2.65,2229.0,52.0,85.7307692308,11,"[3.137, 1.0]"
BB3:SXF-ES+0.5C6,1,0.5,  2.12,4177.0,402.0,20.7810945274,5,"[1.449, 1.0, 5.006]"
BB3:SXF-ES+0.5C6,1,0.75,  2.13,4431.0,320.0,27.69375,5,"[1.449, 1.0, 5.006]"
BB3:SXF-ES+0.5C6,1,1,  2.34,5863.0,169.0,69.3846153846,5,"[1.449, 1.0, 5.006]"
BB3:SXF-ESX+C6-E6,2.5,2.5,  2.07,7003.0,51.0,274.62745098,11,"[1.0, 3.092, 3.454, 1.895]"
BB3:SXF-ESX-0.7E6,2.5,2.5,  2.04,6302.0,53.0,237.811320755,11,"[1.0, 3.092, 1.895]"
BB3:SXF-ESX-E6+C6,2.5,2.5,  2.07,7003.0,51.0,274.62745098,11,"[1.0, 3.092, 1.895, 3.454]"
BB3:SXF-NKD-0.3J6+0.3C6,1,0.5,  2.12,4118.0,303.0,27.1815181518,11,"[1.272, 1.0, 4.006, 4.394]"
BB3:SXF-NKD-0.3J6+0.3C6,1,0.75,  2.15,4431.0,249.0,35.5903614458,11,"[1.272, 1.0, 4.006, 4.394]"
BB3:SXF-NKD-0.3J6+0.3C6,1.5,1.125,  2.35,4144.0,190.0,43.6210526316,11,"[1.272, 1.0, 4.006, 4.394]"
BB3:SXF-NKD,1.5,1.5,  2.05,5102.0,101.0,101.02970297,11,"[1.272, 1.0]"
BB3:SXF-NQ,2.5,2.5,  2.58,6314.0,41.0,308.0,11,"[1.862, 1.0]"
BB3:SXF-RB,3.5,1.75,  2.31,1255.0,32.0,78.4375,11,"[1.324, 1.0]"
BB3:SXF-X-0.3B6+0.3C6,3,3,  2.03,4750.0,33.0,287.878787879,11,"[1.0, 1.279, 2.76, 3.454]"
BB3:TS+HG-GC+E6,2,1.0,  2.10,5515.0,166.0,66.4457831325,26,"[3.614, 1.0, 1.35, 1.395]"
BB3:TS+HG-GC+E6,2.5,1.875,  2.06,4753.0,80.0,118.825,26,"[3.614, 1.0, 1.35, 1.395]"
BB3:TS-GBL-0.3E6+0.3A6,1.5,0.75,  2.05,5067.0,174.0,58.2413793103,26,"[2.59, 1.594, 1.0, 1.371]"
BB3:TS-GBL-0.3E6+0.3A6,2,1.0,  2.06,3897.0,120.0,64.95,26,"[2.59, 1.594, 1.0, 1.371]"
BB3:TS-GBL-0.5E6+0.5A6,1.5,0.75,  2.03,4902.0,176.0,55.7045454545,26,"[2.59, 1.594, 1.0, 1.371]"
BB3:TS-GBL-0.5E6+0.5A6,2,1.0,  2.30,4250.0,124.0,68.5483870968,26,"[2.59, 1.594, 1.0, 1.371]"
BB3:TS-GBL-0.75E6+0.3A6,2,1.0,  2.14,4255.0,134.0,63.5074626866,26,"[2.59, 1.594, 1.0, 1.371]"
BB3:TS-GBL-0.75E6+0.3A6,2.5,1.25,  2.02,3107.0,90.0,69.0444444444,26,"[2.59, 1.594, 1.0, 1.371]"
BB3:TS-GBL-0.75E6+0.3A6,2.5,1.875,  2.06,3973.0,88.0,90.2954545455,26,"[2.59, 1.594, 1.0, 1.371]"
BB3:TS-OAT-0.3E6+0.3A6,1.5,0.75,  2.25,5063.0,174.0,58.1954022989,26,"[2.59, 2.051, 1.0, 1.371]"
BB3:TS-OAT-0.3E6+0.3A6,2,1.0,  2.63,4473.0,134.0,66.7611940299,26,"[2.59, 2.051, 1.0, 1.371]"
BB3:TS-OAT-0.3E6+0.3A6,2,1.5,  2.02,4671.0,112.0,83.4107142857,26,"[2.59, 2.051, 1.0, 1.371]"
BB3:TS-OAT-MX+YAP,1.5,0.75,  2.03,6228.0,196.0,63.5510204082,26,"[3.823, 3.027, 1.51, 1.0]"
BB3:TS-R-0.5B6+0.5A6,1.5,0.75,  2.22,4838.0,178.0,54.3595505618,26,"[2.097, 1.0, 1.179, 1.11]"
BB3:TS-R-B6+A6,2,1.0,  2.11,4024.0,130.0,61.9076923077,26,"[2.097, 1.0, 1.179, 1.11]"
BB3:TS-R-B6+A6,2,1.5,  2.02,4693.0,112.0,83.8035714286,26,"[2.097, 1.0, 1.179, 1.11]"
BB3:TS-YS,1.5,0.75,  2.26,7562.0,206.0,73.4174757282,26,"[1.0, 4.071]"
BB3:TS-ZN+0.3A6-0.3ES,2,1.0,  2.04,4750.0,152.0,62.5,26,"[7.114, 6.329, 3.766, 1.0]"
BB3:US3Y-ZN-YS+TS,1.5,0.75,  2.17,8079.0,242.0,66.7685950413,26,"[1.0, 3.448, 15.779, 3.876]"
BB3:VS2_3+E6,1,0.5,  2.82,17675.0,259.0,136.486486486,55,[1.0]
BB3:VS2_3+E6,1.5,0.75,  3.81,18887.0,228.0,165.675438596,55,[1.0]
BB3:VS2_3+E6,2,1.0,  3.08,12270.0,154.0,159.350649351,55,[1.0]
BB3:VS2_3+E6,2,1.5,  2.09,10875.0,115.0,189.130434783,55,[1.0]
BB3:VS2_3+E6,2.5,1.25,  2.25,6922.0,78.0,177.487179487,55,[1.0]
BB3:VS2_3+E6,2.5,1.875,  2.32,8970.0,72.0,249.166666667,55,[1.0]
BB3:VS2_3+E6,4,2.0,  2.08,3042.0,8.0,760.5,55,[1.0]
BB3:VX+1.25ES,1,0.5,  3.23,8677.0,555.0,31.2684684685,8,"[1.696, 1.0]"
BB3:VX+1.25ES,1,0.75,  2.31,6690.0,365.0,36.6575342466,8,"[1.696, 1.0]"
BB3:VX+1.25ES,1.5,0.75,  2.58,5841.0,363.0,32.1818181818,8,"[1.696, 1.0]"
BB3:VX+1.25ES,1.5,1.125,  2.29,5743.0,279.0,41.1684587814,8,"[1.696, 1.0]"
BB3:VX+1.25ES,2,1.0,  2.52,4822.0,250.0,38.576,8,"[1.696, 1.0]"
BB3:VX+1.25ES,2,1.5,  2.54,5673.0,213.0,53.2676056338,8,"[1.696, 1.0]"
BB3:VX+1.25ES,2.5,1.875,  2.07,3871.0,136.0,56.9264705882,8,"[1.696, 1.0]"
BB3:VX+1.25ES,3,2.25,  2.15,3417.0,98.0,69.7346938776,8,"[1.696, 1.0]"
BB3:VX+1.25ES,3.5,2.625,  2.22,2989.0,58.0,103.068965517,8,"[1.696, 1.0]"
BB3:VX+1.5ES,1,0.5,  2.97,8458.0,563.0,30.0461811723,8,"[1.696, 1.0]"
BB3:VX+1.5ES,1,0.75,  2.19,6779.0,409.0,33.1491442543,8,"[1.696, 1.0]"
BB3:VX+1.5ES,2,1.0,  2.05,3836.0,231.0,33.2121212121,8,"[1.696, 1.0]"
BB3:VX+1.75ES,1,0.5,  2.05,6376.0,521.0,24.4760076775,8,"[1.696, 1.0]"
BB3:VX+ES,1,0.5,  2.70,7265.0,524.0,27.7290076336,8,"[1.696, 1.0]"
BB3:VX+ES,1.5,0.75,  2.74,6323.0,366.0,34.5519125683,8,"[1.696, 1.0]"
BB3:VX+ES,1.5,1.125,  2.17,5553.0,270.0,41.1333333333,8,"[1.696, 1.0]"
BB3:VX+ES,2,1.5,  2.17,4773.0,198.0,48.2121212121,8,"[1.696, 1.0]"
BB3:VX+ES,4,3.0,  2.17,3049.0,48.0,127.041666667,8,"[1.696, 1.0]"
BB3:VX+NQ,4,3.0,  2.27,3749.0,50.0,149.96,8,"[2.179, 1.0]"
BB3:VX-VS-0.5ESX+0.5ES,1.5,0.75,  2.12,5756.0,168.0,68.5238095238,31,"[1.696, 20.253, 4.481, 1.0]"
BB3:VX-VS-0.5ESX+0.5ES,2,1.0,  2.07,4579.0,126.0,72.6825396825,31,"[1.696, 20.253, 4.481, 1.0]"
BB3:VX-VS-ESX+ES,1.5,0.75,  2.24,6029.0,192.0,62.8020833333,31,"[1.696, 20.253, 4.481, 1.0]"
BB3:VX2+1.5ES,1,0.5,  2.59,8525.0,539.0,31.6326530612,11,"[2.43, 1.0]"
BB3:VX2+ES,1,0.5,  3.49,10422.0,574.0,36.3135888502,11,"[2.43, 1.0]"
BB3:VX2+ES,1,0.75,  2.44,8159.0,312.0,52.3012820513,11,"[2.43, 1.0]"
BB3:VX2+ES,1,1,  2.09,8022.0,209.0,76.7655502392,11,"[2.43, 1.0]"
BB3:VX2+ES,1.5,0.75,  3.03,7594.0,368.0,41.2717391304,11,"[2.43, 1.0]"
BB3:VX2+ES,1.5,1.125,  2.59,7323.0,274.0,53.4525547445,11,"[2.43, 1.0]"
BB3:VX2+ES,2,1.0,  2.82,5705.0,250.0,45.64,11,"[2.43, 1.0]"
BB3:VX2+ES,2,1.5,  2.56,6109.0,202.0,60.4851485149,11,"[2.43, 1.0]"
BB3:VX2+ES,2.5,1.25,  2.65,4160.0,158.0,52.6582278481,11,"[2.43, 1.0]"
BB3:VX2+ES,2.5,1.875,  2.29,4483.0,138.0,64.9710144928,11,"[2.43, 1.0]"
BB3:VX2-VS2-0.3ESX+0.3ES,1,0.5,  2.03,8419.0,175.0,96.2171428571,38,"[2.43, 27.215, 4.481, 1.0]"
BB3:VX2-VS2-0.3ESX+0.3ES,1.5,0.75,  2.16,6922.0,148.0,93.5405405405,38,"[2.43, 27.215, 4.481, 1.0]"
BB3:VX2-VS2-0.3ESX+0.3ES,2,1.0,  3.13,7049.0,126.0,111.888888889,38,"[2.43, 27.215, 4.481, 1.0]"
BB3:VX2-VS2-0.3ESX+0.3ES,2.5,1.25,  3.61,5446.0,80.0,136.15,38,"[2.43, 27.215, 4.481, 1.0]"
BB3:VX2-VS2-0.3ESX+0.3ES,3,1.5,  2.66,2989.0,40.0,149.45,38,"[2.43, 27.215, 4.481, 1.0]"
BB3:VX2-VS2-0.3ESX+0.3ES,3.5,1.75,  2.21,1541.0,18.0,171.222222222,38,"[2.43, 27.215, 4.481, 1.0]"
BB3:VX2-VS2-0.3ESX+0.3ES,4,2.0,  2.05,971.0,10.0,194.2,38,"[2.43, 27.215, 4.481, 1.0]"
BB3:VX2-VS2-0.5ESX+0.5ES,1,0.5,  2.01,8218.0,171.0,96.1169590643,38,"[2.43, 27.215, 4.481, 1.0]"
BB3:VX2-VS2-0.5ESX+0.5ES,1.5,0.75,  2.66,8559.0,166.0,103.120481928,38,"[2.43, 27.215, 4.481, 1.0]"
BB3:VX2-VS2-0.5ESX+0.5ES,2,1.0,  2.59,5422.0,110.0,98.5818181818,38,"[2.43, 27.215, 4.481, 1.0]"
BB3:VX2-VS2-0.5ESX+0.5ES,2.5,1.25,  2.71,3876.0,64.0,121.125,38,"[2.43, 27.215, 4.481, 1.0]"
BB3:VX2-VS2-0.5ESX+0.5ES,3,1.5,  2.25,2305.0,34.0,135.588235294,38,"[2.43, 27.215, 4.481, 1.0]"
BB3:VX2-VS2,4,2.0,  2.29,1483.0,12.0,247.166666667,38,"[1.0, 11.198]"
BB3:VX2_1-1.5ES,1.5,1.125,  2.06,11575.0,142.0,163.028169014,50,[1.0]
BB3:VX2_1-1.5ES,2,1.0,  2.09,9303.0,148.0,125.716216216,50,[1.0]
BB3:VX2_1-1.75ES,1,0.5,  2.43,13479.0,260.0,103.684615385,50,[1.0]
BB3:VX2_1-1.75ES,1,0.75,  2.15,13215.0,161.0,164.161490683,50,[1.0]
BB3:VX2_1-1.75ES,1.5,0.75,  2.60,12782.0,216.0,118.351851852,50,[1.0]
BB3:VX2_1-1.75ES,1.5,1.125,  2.27,12474.0,154.0,162.0,50,[1.0]
BB3:VX2_1-1.75ES,2,1.0,  2.29,9909.0,166.0,119.385542169,50,[1.0]
BB3:VX2_1-1.75ES,2,1.5,  2.24,11026.0,130.0,169.630769231,50,[1.0]
BB3:VX2_1-1.75ES,2.5,1.25,  2.05,7956.0,110.0,144.654545455,50,[1.0]
BB3:VX2_1-1.75ES,2.5,1.875,  2.34,10079.0,98.0,205.693877551,50,[1.0]
BB3:VX2_1-1.75ES,3,2.25,  2.00,7633.0,64.0,238.53125,50,[1.0]
BB3:VX3+ES,1,0.5,  3.32,10428.0,472.0,44.186440678,15,"[2.918, 1.0]"
BB3:VX3+ES,1,0.75,  2.47,8841.0,275.0,64.2981818182,15,"[2.918, 1.0]"
BB3:VX3+ES,1.5,0.75,  2.89,7502.0,336.0,44.6547619048,15,"[2.918, 1.0]"
BB3:VX3+ES,2,1.0,  2.70,5491.0,210.0,52.2952380952,15,"[2.918, 1.0]"
BB3:VX3+ES,2,1.5,  2.13,5324.0,168.0,63.380952381,15,"[2.918, 1.0]"
BB3:VX3+ES,2.5,1.25,  2.17,3479.0,138.0,50.4202898551,15,"[2.918, 1.0]"
BB3:VX3_1+VS1_3,1,0.5,  2.27,19207.0,146.0,263.109589041,100,[]
BB3:VX3_1+VS1_3,1,0.75,  2.08,18654.0,121.0,308.330578512,100,[]
BB3:VX3_1-1.5ES,1,0.5,  2.79,12755.0,396.0,64.4191919192,20,[1.0]
BB3:VX3_1-1.5ES,1,0.75,  2.46,11884.0,274.0,86.7445255474,20,[1.0]
BB3:VX3_1-1.5ES,1.5,0.75,  2.62,10848.0,292.0,74.301369863,20,[1.0]
BB3:VX3_1-1.5ES,1.5,1.125,  2.64,11669.0,230.0,101.469565217,20,[1.0]
BB3:VX3_1-1.5ES,2,1.0,  2.14,7859.0,210.0,74.8476190476,20,[1.0]
BB3:VX3_1-1.5ES,2,1.5,  2.23,8863.0,174.0,101.873563218,20,[1.0]
BB3:VX3_1-1.5ES,2.5,1.875,  2.07,7651.0,132.0,115.924242424,20,[1.0]
BB3:VX3_1-1.75ES,1,0.5,  3.51,16130.0,460.0,70.1304347826,20,[1.0]
BB3:VX3_1-1.75ES,1,0.75,  3.60,17502.0,340.0,102.952941176,20,[1.0]
BB3:VX3_1-1.75ES,1,1,  2.68,15082.0,193.0,156.29015544,20,[1.0]
BB3:VX3_1-1.75ES,1.5,0.75,  2.97,12173.0,316.0,77.0443037975,20,[1.0]
BB3:VX3_1-1.75ES,1.5,1.125,  3.12,13700.0,260.0,105.384615385,20,[1.0]
BB3:VX3_1-1.75ES,1.5,1.5,  2.12,11944.0,119.0,200.739495798,20,[1.0]
BB3:VX3_1-1.75ES,2,1.0,  2.47,9031.0,216.0,83.6203703704,20,[1.0]
BB3:VX3_1-1.75ES,2,1.5,  2.61,10252.0,184.0,111.434782609,20,[1.0]
BB3:VX3_1-1.75ES,2.5,1.25,  2.16,7120.0,152.0,93.6842105263,20,[1.0]
BB3:VX3_1-1.75ES,3,1.5,  2.34,6908.0,108.0,127.925925926,20,[1.0]
BB3:VX3_1-1.75ES,3,2.25,  2.59,8435.0,92.0,183.369565217,20,[1.0]
BB3:VX3_1-2.0ES,1,0.5,  3.37,15503.0,455.0,68.1450549451,20,[1.0]
BB3:VX3_1-2.0ES,1,0.75,  3.37,16548.0,331.0,99.9879154079,20,[1.0]
BB3:VX3_1-2.0ES,1,1,  2.20,12713.0,173.0,146.971098266,20,[1.0]
BB3:VX3_1-2.0ES,1.5,0.75,  3.19,12797.0,324.0,78.9938271605,20,[1.0]
BB3:VX3_1-2.0ES,1.5,1.125,  2.81,12315.0,256.0,96.2109375,20,[1.0]
BB3:VX3_1-2.0ES,2,1.0,  2.79,9957.0,224.0,88.9017857143,20,[1.0]
BB3:VX3_1-2.0ES,2,1.5,  2.73,10874.0,188.0,115.680851064,20,[1.0]
BB3:VX3_1-2.0ES,2.5,1.25,  2.50,7625.0,144.0,105.902777778,20,[1.0]
BB3:VX3_1-2.0ES,2.5,1.875,  2.65,9142.0,132.0,138.515151515,20,[1.0]
BB3:VX3_1-2.0ES,3,1.5,  2.29,6324.0,102.0,124.0,20,[1.0]
BB3:VX3_1-2.0ES,3,2.25,  2.71,8275.0,94.0,176.063829787,20,[1.0]
BB3:VX3_1-2.0ES,3.5,1.75,  2.58,5894.0,58.0,203.24137931,20,[1.0]
BB3:VX3_1-2.0ES,3.5,2.625,  2.65,6883.0,54.0,254.925925926,20,[1.0]
BB3:VX3_1-2.25ES,1,0.5,  2.79,13178.0,431.0,61.150812065,20,[1.0]
BB3:VX3_1-2.25ES,1,0.75,  2.69,13423.0,321.0,83.6323987539,20,[1.0]
BB3:VX3_1-2.25ES,1,1,  2.29,13842.0,165.0,167.781818182,20,[1.0]
BB3:VX3_1-2.25ES,1.5,0.75,  3.56,14601.0,341.0,85.6363636364,20,[1.0]
BB3:VX3_1-2.25ES,1.5,1.125,  2.90,12984.0,261.0,99.4942528736,20,[1.0]
BB3:VX3_1-2.25ES,2,1.0,  2.60,8754.0,202.0,86.6732673267,20,[1.0]
BB3:VX3_1-2.25ES,2,1.5,  2.33,9282.0,173.0,107.306358382,20,[1.0]
BB3:VX3_1-2.25ES,2.5,1.25,  2.06,5705.0,134.0,85.1492537313,20,[1.0]
BB3:VX3_2+VS2_3,1.5,0.75,  2.08,13564.0,162.0,167.456790123,66,[]
BB3:VX3_2+VS2_3,2,1.0,  2.06,9580.0,124.0,154.516129032,66,[]
BB3:VX4-VS4,1,0.5,  2.04,11076.0,120.0,184.6,66,"[1.0, 11.315]"
BB3:VX4-VS4,2,1.0,  2.44,7346.0,92.0,159.695652174,66,"[1.0, 11.315]"
BB3:VX4_2+VS2_4,1,0.5,  4.84,50009.0,320.0,312.55625,66,[]
BB3:VX4_2+VS2_4,1,0.75,  3.54,40260.0,193.0,417.202072539,66,[]
BB3:VX4_2+VS2_4,1,1,  3.21,37697.0,181.0,416.541436464,66,[]
BB3:VX4_2+VS2_4,1.5,0.75,  5.00,42243.0,274.0,308.343065693,66,[]
BB3:VX4_2+VS2_4,1.5,1.125,  3.25,33892.0,144.0,470.722222222,66,[]
BB3:VX4_2+VS2_4,1.5,1.5,  2.16,25246.0,105.0,480.876190476,66,[]
BB3:VX4_2+VS2_4,2,1.0,  4.83,31685.0,182.0,348.186813187,66,[]
BB3:VX4_2+VS2_4,2,1.5,  3.66,32290.0,128.0,504.53125,66,[]
BB3:VX4_2+VS2_4,2,2,  2.04,23830.0,81.0,588.395061728,66,[]
BB3:VX4_2+VS2_4,2.5,1.25,  4.25,23530.0,112.0,420.178571429,66,[]
BB3:VX4_2+VS2_4,2.5,1.875,  3.31,22848.0,90.0,507.733333333,66,[]
BB3:VX4_2+VS2_4,3,1.5,  3.57,16314.0,60.0,543.8,66,[]
BB3:VX4_2+VS2_4,3,2.25,  3.06,17379.0,54.0,643.666666667,66,[]
BB3:VX4_2+VS2_4,3.5,1.75,  3.56,14693.0,46.0,638.826086957,66,[]
BB3:VX4_2+VS2_4,3.5,2.625,  3.10,13925.0,42.0,663.095238095,66,[]
BB3:VX4_2+VS2_4,4,2.0,  3.42,13080.0,36.0,726.666666667,66,[]
BB3:VX4_2+VS2_4,4,3.0,  2.86,11812.0,34.0,694.823529412,66,[]
BB3:VX4_2-VS2_4,1,0.5,  2.67,32336.0,311.0,207.948553055,66,[]
BB3:VX4_2-VS2_4,1.5,0.75,  3.14,33337.0,279.0,238.974910394,66,[]
BB3:VX4_2-VS2_4,2,1.0,  2.77,25568.0,185.0,276.410810811,66,[]
BB3:VX4_2-VS2_4,2,1.5,  2.52,26529.0,153.0,346.784313725,66,[]
BB3:VX4_2-VS2_4,2.5,1.25,  2.94,23432.0,121.0,387.305785124,66,[]
BB3:VX4_2-VS2_4,2.5,1.875,  2.62,23611.0,105.0,449.733333333,66,[]
BB3:VX4_2-VS2_4,3,1.5,  2.90,20031.0,70.0,572.314285714,66,[]
BB3:VX4_2-VS2_4,3,2.25,  2.38,18883.0,60.0,629.433333333,66,[]
BB3:VX4_2-VS2_4,3.5,1.75,  2.39,10641.0,36.0,591.166666667,66,[]
BB3:VX4_2-VS2_4,4,2.0,  2.08,7947.0,24.0,662.25,66,[]
BB3:VX4_3+VS3_4,1,0.5,  3.00,24633.0,242.0,203.578512397,66,[]
BB3:VX4_3+VS3_4,1.5,0.75,  2.41,15075.0,178.0,169.382022472,66,[]
BB3:VX4_3+VS3_4,2,1.0,  2.73,13435.0,138.0,194.710144928,66,[]
BB3:VX4_3+VS3_4,2,1.5,  2.13,14278.0,106.0,269.396226415,66,[]
BB3:X-A6,3.5,2.625,  2.32,2043.0,42.0,97.2857142857,6,"[1.0, 2.031]"
BB3:X-C6,3,1.5,  2.31,2416.0,84.0,57.5238095238,6,"[1.0, 2.7]"
BB3:X-DF-0.3E6+0.3B6,1,0.5,  2.47,3920.0,427.0,18.3606557377,6,"[4.014, 1.0, 5.945, 8.658]"
BB3:X-DF-0.3E6+0.3B6,1.5,0.75,  2.41,3259.0,297.0,21.9461279461,6,"[4.014, 1.0, 5.945, 8.658]"
BB3:X-DF-0.3E6+0.3B6,1.5,1.125,  2.19,3295.0,227.0,29.0308370044,6,"[4.014, 1.0, 5.945, 8.658]"
BB3:X-DF-0.3E6+0.3B6,2,1.0,  2.74,2972.0,208.0,28.5769230769,6,"[4.014, 1.0, 5.945, 8.658]"
BB3:X-DF-0.3E6+0.3B6,2,1.5,  2.21,2838.0,167.0,33.9880239521,6,"[4.014, 1.0, 5.945, 8.658]"
BB3:X-DF-0.3E6+0.3B6,2.5,1.25,  2.13,1794.0,124.0,28.935483871,6,"[4.014, 1.0, 5.945, 8.658]"
BB3:X-DF-0.5E6+0.5B6,1,0.5,  2.80,4553.0,469.0,19.4157782516,6,"[4.014, 1.0, 5.945, 8.658]"
BB3:X-DF-0.5E6+0.5B6,1,0.75,  2.53,4398.0,361.0,24.3656509695,6,"[4.014, 1.0, 5.945, 8.658]"
BB3:X-DF-0.5E6+0.5B6,1.5,0.75,  2.06,2831.0,294.0,19.2585034014,6,"[4.014, 1.0, 5.945, 8.658]"
BB3:X-DF-0.5E6+0.5B6,2,1.0,  2.41,2689.0,214.0,25.1308411215,6,"[4.014, 1.0, 5.945, 8.658]"
BB3:X-DF-0.5E6+0.5B6,2,1.5,  2.28,3001.0,171.0,35.0994152047,6,"[4.014, 1.0, 5.945, 8.658]"
BB3:X-DF-E6+0.5B6,2,1.0,  2.20,3163.0,222.0,28.4954954955,6,"[4.014, 1.0, 5.945, 8.658]"
BB3:X-DF,1,0.5,  2.93,5044.0,377.0,26.7586206897,6,"[4.014, 1.0]"
BB3:X-DF,1,0.75,  2.23,4078.0,283.0,28.8197879859,6,"[4.014, 1.0]"
BB3:X-DF,1.5,0.75,  2.31,3403.0,249.0,27.3333333333,6,"[4.014, 1.0]"
BB3:X-DF,2,1.0,  2.47,2865.0,179.0,32.0111731844,6,"[4.014, 1.0]"
BB3:X-DF,2,1.5,  2.12,2912.0,141.0,41.304964539,6,"[4.014, 1.0]"
BB3:X-DF,2.5,1.25,  2.48,2151.0,110.0,39.1090909091,6,"[4.014, 1.0]"
BB3:X-DF,2.5,1.875,  2.09,2347.0,97.0,48.3917525773,6,"[4.014, 1.0]"
BB3:X-DF,3,1.5,  2.25,1521.0,56.0,54.3214285714,6,"[4.014, 1.0]"
BB3:X-DF,3,2.25,  2.41,2049.0,56.0,73.1785714286,6,"[4.014, 1.0]"
BB3:X-ESX-0.3E6+0.3B6,1,0.5,  2.66,4249.0,457.0,18.5951859956,6,"[1.0, 2.416, 1.481, 2.157]"
BB3:X-ESX-0.3E6+0.3B6,1,0.75,  2.33,3921.0,353.0,22.2152974504,6,"[1.0, 2.416, 1.481, 2.157]"
BB3:X-ESX-0.3E6+0.3B6,1.5,0.75,  2.23,2958.0,296.0,19.9864864865,6,"[1.0, 2.416, 1.481, 2.157]"
BB3:X-ESX-0.3E6+0.3B6,1.5,1.125,  2.15,3178.0,241.0,26.3734439834,6,"[1.0, 2.416, 1.481, 2.157]"
BB3:X-ESX-0.5E6+0.5B6,1,0.5,  2.65,4361.0,466.0,18.7167381974,6,"[1.0, 2.416, 1.481, 2.157]"
BB3:X-ESX-0.5E6+0.5B6,1,0.75,  2.18,3805.0,349.0,21.8051575931,6,"[1.0, 2.416, 1.481, 2.157]"
BB3:X-ESX-0.5E6+0.5B6,1.5,0.75,  2.23,3032.0,300.0,20.2133333333,6,"[1.0, 2.416, 1.481, 2.157]"
BB3:X-ESX,1,0.5,  2.45,4089.0,415.0,19.7060240964,6,"[1.0, 2.416]"
BB3:X-ESX,1,0.75,  2.16,3785.0,329.0,23.009118541,6,"[1.0, 2.416]"
BB3:X-HG,2.5,1.25,  2.10,2704.0,116.0,46.6206896552,6,"[1.0, 1.061]"
BB3:X-HG,3,1.5,  2.75,2349.0,68.0,69.0882352941,6,"[1.0, 1.061]"
BB3:X-HG,3.5,1.75,  2.39,1113.0,26.0,85.6153846154,6,"[1.0, 1.061]"
BB3:X-NKD-0.3J6+0.3B6,1.5,0.75,  2.16,3360.0,328.0,20.487804878,6,"[1.628, 1.0, 4.006, 3.511]"
BB3:X-NKD-0.3J6+0.3B6,2,1.0,  2.19,2626.0,206.0,25.4951456311,6,"[1.628, 1.0, 4.006, 3.511]"
BB3:X-NKD-0.3J6+0.3B6,2.5,1.25,  2.04,1766.0,122.0,28.9508196721,6,"[1.628, 1.0, 4.006, 3.511]"
BB3:X-NKD-0.5J6+0.5B6,1,0.75,  2.26,4670.0,392.0,23.8265306122,6,"[1.628, 1.0, 4.006, 3.511]"
BB3:X-NKD-0.5J6+0.5B6,1.5,0.75,  2.08,3367.0,314.0,21.4458598726,6,"[1.628, 1.0, 4.006, 3.511]"
BB3:X-NKD-0.5J6+0.5B6,2,1.0,  2.20,2733.0,204.0,26.7941176471,6,"[1.628, 1.0, 4.006, 3.511]"
BB3:X-NKD,4,2.0,  2.40,596.0,12.0,99.3333333333,6,"[1.628, 1.0]"
BB3:X,2,1.0,  2.21,3027.0,142.0,42.6338028169,6,[1.0]
BB3:XXP-ES,1,0.5,  2.87,24587.0,300.0,163.913333333,20,"[8.696, 1.0]"
BB3:XXP-ES,1,0.75,  2.87,25349.0,210.0,241.419047619,20,"[8.696, 1.0]"
BB3:XXP-ES,1,1,  2.06,19219.0,159.0,241.748427673,20,"[8.696, 1.0]"
BB3:XXP-ES,1.5,0.75,  3.46,27819.0,250.0,222.552,20,"[8.696, 1.0]"
BB3:XXP-ES,1.5,1.125,  3.43,28628.0,192.0,298.208333333,20,"[8.696, 1.0]"
BB3:XXP-ES,1.5,1.5,  2.68,25005.0,117.0,427.435897436,20,"[8.696, 1.0]"
BB3:XXP-ES,2,1.0,  3.40,25196.0,188.0,268.042553191,20,"[8.696, 1.0]"
BB3:XXP-ES,2,1.5,  3.03,24275.0,152.0,319.407894737,20,"[8.696, 1.0]"
BB3:XXP-ES,2,2,  3.05,28479.0,87.0,654.689655172,20,"[8.696, 1.0]"
BB3:XXP-ES,2.5,1.25,  2.86,20405.0,106.0,385.0,20,"[8.696, 1.0]"
BB3:XXP-ES,2.5,1.875,  2.71,20332.0,96.0,423.583333333,20,"[8.696, 1.0]"
BB3:XXP-ES,2.5,2.5,  2.01,18749.0,41.0,914.585365854,20,"[8.696, 1.0]"
BB3:XXP-ES,3,1.5,  3.69,23274.0,76.0,612.473684211,20,"[8.696, 1.0]"
BB3:XXP-ES,3,2.25,  3.68,23414.0,72.0,650.388888889,20,"[8.696, 1.0]"
BB3:XXP-ES,3,3,  2.35,21874.0,25.0,1749.92,20,"[8.696, 1.0]"
BB3:XXP-ES,3.5,1.75,  3.35,20914.0,52.0,804.384615385,20,"[8.696, 1.0]"
BB3:XXP-ES,3.5,2.625,  3.41,21318.0,52.0,819.923076923,20,"[8.696, 1.0]"
BB3:XXP-ES,3.5,3.5,  2.42,22537.0,19.0,2372.31578947,20,"[8.696, 1.0]"
BB3:XXP-ES,4,2.0,  3.22,19957.0,42.0,950.333333333,20,"[8.696, 1.0]"
BB3:XXP-ES,4,3.0,  3.24,20073.0,42.0,955.857142857,20,"[8.696, 1.0]"
BB3:YAP-A6,4,4,  2.01,6054.0,5.0,2421.6,8,"[1.0, 2.024]"
BB3:YAP-DF,1,0.5,  2.45,5291.0,289.0,36.615916955,8,"[4.027, 1.0]"
BB3:YAP-DF,1,0.75,  3.13,7453.0,253.0,58.9169960474,8,"[4.027, 1.0]"
BB3:YAP-DF,1.5,0.75,  2.42,4329.0,231.0,37.4805194805,8,"[4.027, 1.0]"
BB3:YAP-DF,1.5,1.125,  2.43,5065.0,187.0,54.1711229947,8,"[4.027, 1.0]"
BB3:YAP-DF,2,2,  2.11,6040.0,83.0,145.542168675,8,"[4.027, 1.0]"
BB3:YAP-RTY,2.5,2.5,  2.11,6208.0,55.0,225.745454545,8,"[1.171, 1.0]"
BB3:YAP-SXF-0.3C6+0.3A6,1,0.5,  2.65,6111.0,307.0,39.8110749186,8,"[1.284, 1.0, 3.454, 2.598]"
BB3:YAP-SXF-0.3C6+0.3A6,1,0.75,  2.08,4966.0,231.0,42.9956709957,8,"[1.284, 1.0, 3.454, 2.598]"
BB3:YAP-SXF-0.3C6+0.3A6,1.5,0.75,  2.10,3845.0,226.0,34.0265486726,8,"[1.284, 1.0, 3.454, 2.598]"
BB3:YAP-SXF-0.3C6+0.3A6,2,1.0,  2.47,3680.0,166.0,44.3373493976,8,"[1.284, 1.0, 3.454, 2.598]"
BB3:YAP-X-0.3B6+0.3A6,1,0.5,  2.20,4864.0,418.0,23.2727272727,8,"[1.003, 1.0, 2.157, 2.031]"
BB3:YS-GBM-0.5E6+0.5A6,1.5,0.75,  2.15,5983.0,156.0,76.7051282051,41,"[10.544, 4.171, 1.0, 1.371]"
BB3:YS-GBS-0.5E6+0.5A6,1,0.5,  2.33,9710.0,201.0,96.6169154229,41,"[10.544, 19.76, 1.0, 1.371]"
BB3:YS-GBS-0.5E6+0.5A6,1.5,0.75,  2.11,7182.0,167.0,86.0119760479,41,"[10.544, 19.76, 1.0, 1.371]"
BB3:ZB-E6,3,1.5,  2.77,3070.0,74.0,82.972972973,11,"[1.0, 1.009]"
BB3:ZB-E6,3.5,1.75,  2.17,1541.0,36.0,85.6111111111,11,"[1.0, 1.009]"
BB3:ZB-E6,4,2.0,  2.20,977.0,14.0,139.571428571,11,"[1.0, 1.009]"
BB3:ZB-E6,4,3.0,  2.27,1347.0,14.0,192.428571429,11,"[1.0, 1.009]"
BB3:ZB-GBL-0.5E6,1.5,0.75,  2.26,3843.0,266.0,28.8947368421,11,"[1.0, 1.609, 1.009]"
BB3:ZB-GBL-0.5E6,2,1.0,  2.39,3031.0,164.0,36.9634146341,11,"[1.0, 1.609, 1.009]"
BB3:ZB-GBX-0.5E6,1,0.5,  2.17,4335.0,373.0,23.2439678284,11,"[1.673, 1.0, 1.689]"
BB3:ZB-GBX-0.5E6,1.5,0.75,  2.14,3527.0,250.0,28.216,11,"[1.673, 1.0, 1.689]"
BB3:ZB-GBX-0.5E6,1.5,1.125,  2.34,4300.0,217.0,39.6313364055,11,"[1.673, 1.0, 1.689]"
BB3:ZB-GBX-0.5E6,2,1.0,  2.80,3475.0,168.0,41.369047619,11,"[1.673, 1.0, 1.689]"
BB3:ZB-GBX-0.5E6,2,1.5,  2.46,3797.0,150.0,50.6266666667,11,"[1.673, 1.0, 1.689]"
BB3:ZB-GBX-0.5E6,2.5,1.25,  2.06,1697.0,80.0,42.425,11,"[1.673, 1.0, 1.689]"
BB3:ZC-C6,1,0.5,  2.07,6297.0,297.0,42.404040404,26,"[2.477, 1.0]"
BB3:ZC-ZS,1,0.5,  2.26,5531.0,216.0,51.212962963,26,"[3.265, 1.0]"
BB3:ZC-ZS,1.5,0.75,  2.46,4989.0,192.0,51.96875,26,"[3.265, 1.0]"
BB3:ZC-ZS,1.5,1.125,  2.27,5515.0,142.0,77.676056338,26,"[3.265, 1.0]"
BB3:ZC-ZS,1.5,1.5,  2.00,5826.0,87.0,133.931034483,26,"[3.265, 1.0]"
BB3:ZC-ZS,2,1.0,  2.04,3497.0,132.0,52.9848484848,26,"[3.265, 1.0]"
BB3:ZC-ZS,2,1.5,  2.21,4691.0,116.0,80.8793103448,26,"[3.265, 1.0]"
BB3:ZC-ZW,1.5,0.75,  2.15,4428.0,179.0,49.4748603352,26,"[1.907, 1.0]"
BB3:ZC-ZW,1.5,1.5,  2.20,6313.0,89.0,141.865168539,26,"[1.907, 1.0]"
BB3:ZC-ZW,2,2,  2.20,6321.0,65.0,194.492307692,26,"[1.907, 1.0]"
BB3:ZC-ZW,3.5,2.625,  2.38,2354.0,39.0,120.717948718,26,"[1.907, 1.0]"
BB3:ZF-R,1.5,0.75,  2.01,2517.0,141.0,35.7021276596,13,"[2.966, 1.0]"
BB3:ZF-R,1.5,1.5,  2.12,4195.0,69.0,121.594202899,13,"[2.966, 1.0]"
BB3:ZF-R,2,1.0,  2.30,2165.0,93.0,46.5591397849,13,"[2.966, 1.0]"
BB3:ZF-R,2,1.5,  2.39,2770.0,87.0,63.6781609195,13,"[2.966, 1.0]"
BB3:ZF-R,2,2,  2.34,4621.0,49.0,188.612244898,13,"[2.966, 1.0]"
BB3:ZF-ZB-0.33VX2,1,0.5,  2.03,5062.0,314.0,32.2420382166,18,"[4.141, 1.12, 1.0]"
BB3:ZF-ZB-0.75VX2,1,0.5,  2.06,7428.0,382.0,38.890052356,18,"[4.141, 1.12, 1.0]"
BB3:ZF-ZB-0.75VX2,1.5,0.75,  2.07,6370.0,290.0,43.9310344828,18,"[4.141, 1.12, 1.0]"
BB3:ZF-ZB-0.75VX2,2,1.0,  2.02,5080.0,204.0,49.8039215686,18,"[4.141, 1.12, 1.0]"
BB3:ZL-ZM,1,0.5,  2.14,6041.0,439.0,27.5216400911,10,"[1.791, 1.0]"
BB3:ZL-ZM,1.5,0.75,  2.25,5398.0,307.0,35.1661237785,10,"[1.791, 1.0]"
BB3:ZL-ZM,1.5,1.125,  2.36,6211.0,249.0,49.8875502008,10,"[1.791, 1.0]"
BB3:ZL-ZM,2,1.0,  2.28,4327.0,199.0,43.4874371859,10,"[1.791, 1.0]"
BB3:ZL-ZM,2.5,1.25,  2.34,3561.0,128.0,55.640625,10,"[1.791, 1.0]"
BB3:ZL-ZM,3,1.5,  2.05,2293.0,74.0,61.972972973,10,"[1.791, 1.0]"
BB3:ZN+ES-TS-YAP-E6-A6,1.5,0.75,  2.22,9279.0,332.0,55.8975903614,11,"[6.329, 1.0, 7.114, 1.861, 2.747, 3.766]"
BB3:ZN+ES-TS-YAP-E6-A6,2.5,1.875,  2.19,6431.0,98.0,131.244897959,11,"[6.329, 1.0, 7.114, 1.861, 2.747, 3.766]"
BB3:ZN+ICEDX,3,1.5,  2.27,2474.0,67.0,73.8507462687,11,"[1.263, 1.0]"
BB3:ZN+ICEDX,4,2.0,  2.32,967.0,14.0,138.142857143,11,"[1.263, 1.0]"
BB3:ZN+ICEDX,4,3.0,  2.31,1520.0,14.0,217.142857143,11,"[1.263, 1.0]"
BB3:ZN-0.5GC+0.5J6,4,4,  2.29,8541.0,17.0,1004.82352941,11,"[2.381, 1.0, 1.717]"
BB3:ZN-GBL-0.3E6,1,0.5,  2.35,4678.0,371.0,25.218328841,11,"[2.304, 1.594, 1.0]"
BB3:ZN-GBL-0.3E6,1.5,0.75,  2.32,3875.0,253.0,30.6324110672,11,"[2.304, 1.594, 1.0]"
BB3:ZN-GBL-0.3E6,2,1.0,  2.60,3333.0,177.0,37.6610169492,11,"[2.304, 1.594, 1.0]"
BB3:ZN-GBL-0.3E6,2.5,1.25,  2.37,2116.0,90.0,47.0222222222,11,"[2.304, 1.594, 1.0]"
BB3:ZN-GBL-0.3E6,2.5,1.875,  2.14,2456.0,84.0,58.4761904762,11,"[2.304, 1.594, 1.0]"
BB3:ZN-GBL-0.5E6,1,0.5,  2.75,5690.0,399.0,28.5213032581,11,"[2.304, 1.594, 1.0]"
BB3:ZN-GBL-0.5E6,1,0.75,  2.61,5881.0,293.0,40.1433447099,11,"[2.304, 1.594, 1.0]"
BB3:ZN-GBL-0.5E6,1.5,0.75,  2.89,4861.0,287.0,33.8745644599,11,"[2.304, 1.594, 1.0]"
BB3:ZN-GBL-0.5E6,2,1.0,  2.50,3235.0,175.0,36.9714285714,11,"[2.304, 1.594, 1.0]"
BB3:ZN-GBL-0.5E6,2.5,1.25,  2.31,2126.0,96.0,44.2916666667,11,"[2.304, 1.594, 1.0]"
BB3:ZN-GBL-E6,1,0.5,  2.59,6476.0,437.0,29.6384439359,11,"[2.304, 1.594, 1.0]"
BB3:ZN-GBL-E6,1,0.75,  2.07,5471.0,331.0,33.0574018127,11,"[2.304, 1.594, 1.0]"
BB3:ZN-GBL-E6,1.5,0.75,  2.29,4748.0,282.0,33.6737588652,11,"[2.304, 1.594, 1.0]"
BB3:ZN-GBL-E6,1.5,1.125,  2.18,5047.0,230.0,43.8869565217,11,"[2.304, 1.594, 1.0]"
BB3:ZN-GBL-E6,2,1.0,  2.40,3882.0,188.0,41.2978723404,11,"[2.304, 1.594, 1.0]"
BB3:ZN-GBL-E6,3,1.5,  2.92,2167.0,54.0,80.2592592593,11,"[2.304, 1.594, 1.0]"
BB3:ZN-R,2,1.0,  2.51,3051.0,157.0,38.8662420382,11,"[1.866, 1.0]"
BB3:ZN-R,2.5,1.25,  2.03,1677.0,88.0,38.1136363636,11,"[1.866, 1.0]"
BB3:ZN-ZB-0.33VX2,1,0.5,  2.03,5212.0,272.0,38.3235294118,18,"[2.604, 1.12, 1.0]"
BB3:ZN-ZB-0.33VX2,2,1.0,  2.07,3389.0,174.0,38.9540229885,18,"[2.604, 1.12, 1.0]"
BB3:ZN-ZB-0.33VX2,2.5,1.25,  2.07,2714.0,122.0,44.4918032787,18,"[2.604, 1.12, 1.0]"
BB3:ZN-ZB-0.33VX2,3,1.5,  2.09,1933.0,72.0,53.6944444444,18,"[2.604, 1.12, 1.0]"
BB3:ZN-ZB-0.5VX2,1,0.5,  2.13,6230.0,332.0,37.5301204819,18,"[2.604, 1.12, 1.0]"
BB3:ZN-ZB-0.5VX2,1.5,0.75,  2.27,5529.0,274.0,40.3576642336,18,"[2.604, 1.12, 1.0]"
BB3:ZN-ZB-0.75VX2,1.5,0.75,  2.03,6328.0,288.0,43.9444444444,18,"[2.604, 1.12, 1.0]"
BB3:ZS-ZC,1,0.5,  2.15,5042.0,282.0,35.7588652482,16,"[1.0, 3.265]"
BB3:ZS-ZC,1.5,0.75,  2.29,4601.0,228.0,40.3596491228,16,"[1.0, 3.265]"
BB3:ZS-ZC,1.5,1.125,  2.19,5111.0,174.0,58.7471264368,16,"[1.0, 3.265]"
BB3:ZS-ZC,2,1.0,  2.33,4009.0,166.0,48.3012048193,16,"[1.0, 3.265]"
BB3:ZS-ZC,2,1.5,  2.26,4630.0,142.0,65.2112676056,16,"[1.0, 3.265]"
BB3:ZS-ZC,2.5,1.875,  2.16,3604.0,98.0,73.5510204082,16,"[1.0, 3.265]"
BB3:ZS-ZC,2.5,2.5,  2.23,6488.0,59.0,219.93220339,16,"[1.0, 3.265]"
BB3:ZS-ZW,2,2,  3.08,9088.0,81.0,224.395061728,16,"[1.0, 1.712]"
BB3:ZW-C6,1,1,  2.18,7505.0,157.0,95.6050955414,16,"[1.298, 1.0]"
BB3:ZW-C6,4,3.0,  2.13,1259.0,14.0,179.857142857,16,"[1.298, 1.0]"
BB3:ZW-M6,3,1.5,  2.37,2571.0,70.0,73.4571428571,16,"[1.0, 1.219]"
