BB3_FIX:2.0GBL-GBM-GBX,1.5,0.75,  2.01,3888.0,179.0,43.4413407821,20,"[2.475, 6.35, 1.0]"
BB3_FIX:2.0GBL-GBM-GBX,2,1.0,  2.64,3146.0,136.0,46.2647058824,20,"[2.475, 6.35, 1.0]"
BB3_FIX:2.0GBL-GBS-GBX,1.5,0.75,  2.84,7830.0,243.0,64.4444444444,30,"[2.475, 29.572, 1.0]"
BB3_FIX:2.0GBL-GBS-GBX,2,1.0,  2.64,5056.0,158.0,64.0,30,"[2.475, 29.572, 1.0]"
BB3_FIX:2.0GBL-GBS-GBX,2.5,1.25,  2.10,2553.0,82.0,62.2682926829,30,"[2.475, 29.572, 1.0]"
BB3_FIX:2.0US5Y-ZF-GE15,4,2.0,  2.00,1656.0,12.0,276.0,38,"[1.0, 10.092, 16.974]"
BB3_FIX:2.0ZN-ZT-ZB,2,1.0,  2.21,6047.0,168.0,71.9880952381,28,"[2.137, 4.468, 1.0]"
BB3_FIX:BLUE-2.0ZN+ZB,1,0.5,  2.25,9276.0,377.0,49.2095490716,16,"[1.364, 2.137, 1.0]"
BB3_FIX:BLUE-2.0ZN+ZB,1.5,0.75,  2.67,8225.0,344.0,47.8197674419,16,"[1.364, 2.137, 1.0]"
BB3_FIX:BLUE-2.0ZN+ZB,2,1.0,  2.46,5464.0,226.0,48.3539823009,16,"[1.364, 2.137, 1.0]"
BB3_FIX:BLUE-TN,2.5,1.25,  2.04,1606.0,59.0,54.4406779661,25,"[1.0, 1.206]"
BB3_FIX:BLUE-ZB,2.5,1.25,  2.40,2670.0,117.0,45.641025641,16,"[1.364, 1.0]"
BB3_FIX:BLUE-ZB,3.5,1.75,  2.42,1154.0,40.0,57.7,16,"[1.364, 1.0]"
BB3_FIX:BLUE-ZF-1.5GOLD+1.5ZN,2,1.0,  2.20,4881.0,206.0,47.3883495146,16,"[1.0, 2.403, 1.124, 1.567]"
BB3_FIX:BLUE-ZF-1.5GOLD+1.5ZN,2.5,1.25,  2.12,2344.0,94.0,49.8723404255,16,"[1.0, 2.403, 1.124, 1.567]"
BB3_FIX:BLUE-ZF-PURPLE+UB,1,0.5,  2.43,6665.0,279.0,47.7777777778,16,"[1.976, 4.749, 2.573, 1.0]"
BB3_FIX:BLUE-ZF-PURPLE+UB,1.5,0.75,  2.69,6252.0,247.0,50.6234817814,16,"[1.976, 4.749, 2.573, 1.0]"
BB3_FIX:BLUE-ZF-PURPLE+UB,2,1.0,  2.85,5146.0,184.0,55.9347826087,16,"[1.976, 4.749, 2.573, 1.0]"
BB3_FIX:BLUE-ZF-PURPLE+UB,2.5,1.25,  2.79,3894.0,116.0,67.1379310345,16,"[1.976, 4.749, 2.573, 1.0]"
BB3_FIX:BLUE-ZF-PURPLE+ZB,1,0.5,  2.99,8480.0,287.0,59.0940766551,16,"[1.364, 3.278, 1.776, 1.0]"
BB3_FIX:BLUE-ZF-PURPLE+ZB,1.5,0.75,  3.76,8452.0,276.0,61.2463768116,16,"[1.364, 3.278, 1.776, 1.0]"
BB3_FIX:BLUE-ZF-PURPLE+ZB,2,1.0,  4.00,6919.0,198.0,69.8888888889,16,"[1.364, 3.278, 1.776, 1.0]"
BB3_FIX:BLUE-ZF-PURPLE+ZB,2,1.5,  2.13,5154.0,122.0,84.4918032787,16,"[1.364, 3.278, 1.776, 1.0]"
BB3_FIX:BLUE-ZF-PURPLE+ZB,2.5,1.25,  3.54,4918.0,124.0,79.3225806452,16,"[1.364, 3.278, 1.776, 1.0]"
BB3_FIX:BLUE-ZF-PURPLE+ZB,2.5,1.875,  2.23,4272.0,94.0,90.8936170213,16,"[1.364, 3.278, 1.776, 1.0]"
BB3_FIX:BLUE-ZF-PURPLE+ZB,3,1.5,  3.39,3547.0,80.0,88.675,16,"[1.364, 3.278, 1.776, 1.0]"
BB3_FIX:BLUE-ZF-PURPLE+ZB,3,2.25,  2.38,3507.0,70.0,100.2,16,"[1.364, 3.278, 1.776, 1.0]"
BB3_FIX:BLUE-ZF-PURPLE+ZB,3.5,1.75,  2.51,2096.0,54.0,77.6296296296,16,"[1.364, 3.278, 1.776, 1.0]"
BB3_FIX:BLUE-ZF-PURPLE+ZB,4,2.0,  2.26,1676.0,44.0,76.1818181818,16,"[1.364, 3.278, 1.776, 1.0]"
BB3_FIX:BLUE-ZF-PURPLE+ZB,4,3.0,  2.06,1916.0,42.0,91.2380952381,16,"[1.364, 3.278, 1.776, 1.0]"
BB3_FIX:BLUE-ZF-PURPLE+ZN,1,0.5,  2.08,6169.0,201.0,61.3830845771,16,"[1.0, 2.403, 1.302, 1.567]"
BB3_FIX:BLUE-ZF-PURPLE+ZN,1.5,0.75,  2.71,6484.0,212.0,61.1698113208,16,"[1.0, 2.403, 1.302, 1.567]"
BB3_FIX:BLUE-ZF-PURPLE+ZN,2,1.0,  3.85,6919.0,204.0,67.8333333333,16,"[1.0, 2.403, 1.302, 1.567]"
BB3_FIX:BLUE-ZF-PURPLE+ZN,2.5,1.25,  3.44,4371.0,120.0,72.85,16,"[1.0, 2.403, 1.302, 1.567]"
BB3_FIX:BLUE-ZF-PURPLE+ZN,3,1.5,  2.96,3133.0,68.0,92.1470588235,16,"[1.0, 2.403, 1.302, 1.567]"
BB3_FIX:BLUE-ZF-PURPLE+ZN,3.5,1.75,  3.22,2979.0,54.0,110.333333333,16,"[1.0, 2.403, 1.302, 1.567]"
BB3_FIX:BLUE-ZF-PURPLE+ZN,3.5,2.625,  2.25,2684.0,48.0,111.833333333,16,"[1.0, 2.403, 1.302, 1.567]"
BB3_FIX:BLUE-ZF-PURPLE+ZN,4,2.0,  2.83,2357.0,42.0,112.238095238,16,"[1.0, 2.403, 1.302, 1.567]"
BB3_FIX:BLUE-ZF-PURPLE+ZN,4,3.0,  2.06,2114.0,38.0,111.263157895,16,"[1.0, 2.403, 1.302, 1.567]"
BB3_FIX:BLUE-ZN-GOLD+ZB,1.5,0.75,  2.13,5877.0,272.0,43.2132352941,16,"[1.364, 2.137, 1.533, 1.0]"
BB3_FIX:BLUE-ZN-GOLD+ZB,2,1.0,  2.84,4809.0,206.0,46.6893203883,16,"[1.364, 2.137, 1.533, 1.0]"
BB3_FIX:BLUE-ZN-GOLD+ZB,2.5,1.25,  2.26,2368.0,94.0,50.3829787234,16,"[1.364, 2.137, 1.533, 1.0]"
BB3_FIX:BLUE-ZN-PURPLE+UB,1,0.5,  2.30,6316.0,275.0,45.9345454545,16,"[1.976, 3.096, 2.573, 1.0]"
BB3_FIX:BLUE-ZN-PURPLE+UB,1.5,0.75,  3.11,7162.0,275.0,52.0872727273,16,"[1.976, 3.096, 2.573, 1.0]"
BB3_FIX:BLUE-ZN-PURPLE+UB,2,1.0,  2.73,4900.0,178.0,55.0561797753,16,"[1.976, 3.096, 2.573, 1.0]"
BB3_FIX:BLUE-ZN-PURPLE+UB,2.5,1.25,  2.40,3349.0,104.0,64.4038461538,16,"[1.976, 3.096, 2.573, 1.0]"
BB3_FIX:BLUE-ZN-PURPLE+UB,3,1.5,  2.05,2261.0,70.0,64.6,16,"[1.976, 3.096, 2.573, 1.0]"
BB3_FIX:BLUE-ZN-PURPLE+ZB,1,0.5,  2.61,7630.0,263.0,58.0228136882,16,"[1.364, 2.137, 1.776, 1.0]"
BB3_FIX:BLUE-ZN-PURPLE+ZB,1.5,0.75,  2.85,6331.0,241.0,52.5394190871,16,"[1.364, 2.137, 1.776, 1.0]"
BB3_FIX:BLUE-ZN-PURPLE+ZB,2,1.0,  3.00,5246.0,176.0,59.6136363636,16,"[1.364, 2.137, 1.776, 1.0]"
BB3_FIX:BLUE-ZN-PURPLE+ZB,2.5,1.25,  3.14,4160.0,112.0,74.2857142857,16,"[1.364, 2.137, 1.776, 1.0]"
BB3_FIX:BLUE-ZN-PURPLE+ZB,3,1.5,  3.39,3385.0,74.0,91.4864864865,16,"[1.364, 2.137, 1.776, 1.0]"
BB3_FIX:BLUE-ZN-PURPLE+ZB,3.5,1.75,  3.01,2660.0,50.0,106.4,16,"[1.364, 2.137, 1.776, 1.0]"
BB3_FIX:BLUE-ZN-PURPLE+ZB,3.5,2.625,  2.02,2539.0,48.0,105.791666667,16,"[1.364, 2.137, 1.776, 1.0]"
BB3_FIX:BLUE-ZN-PURPLE+ZB,4,2.0,  2.30,1860.0,36.0,103.333333333,16,"[1.364, 2.137, 1.776, 1.0]"
BB3_FIX:G-R,2,1.0,  2.09,7731.0,112.0,138.053571429,40,[1.0]
BB3_FIX:GBL-GBS,1,0.5,  2.24,6748.0,315.0,42.8444444444,20,"[1.0, 11.95]"
BB3_FIX:GBL-GBS,1.5,0.75,  3.10,7423.0,297.0,49.9865319865,20,"[1.0, 11.95]"
BB3_FIX:GBL-GBS,2,1.0,  3.57,6174.0,193.0,63.9792746114,20,"[1.0, 11.95]"
BB3_FIX:GBL-GBS,2,1.5,  2.00,4657.0,137.0,67.9854014599,20,"[1.0, 11.95]"
BB3_FIX:GBL-GBS,2.5,1.25,  3.13,3362.0,96.0,70.0416666667,20,"[1.0, 11.95]"
BB3_FIX:GBL-GBS,2.5,1.875,  2.28,3583.0,86.0,83.3255813953,20,"[1.0, 11.95]"
BB3_FIX:GBM-GBL,1.5,0.75,  2.05,2653.0,216.0,24.5648148148,11,"[2.566, 1.0]"
BB3_FIX:GBM-GBL,2,1.0,  2.71,2531.0,166.0,30.4939759036,11,"[2.566, 1.0]"
BB3_FIX:GBM-GBS,1,0.5,  2.44,7589.0,333.0,45.5795795796,16,"[1.0, 4.657]"
BB3_FIX:GBM-GBS,1.5,0.75,  3.39,8186.0,345.0,47.4550724638,16,"[1.0, 4.657]"
BB3_FIX:GBM-GBS,2,1.0,  3.30,5536.0,208.0,53.2307692308,16,"[1.0, 4.657]"
BB3_FIX:GBM-GBS,2.5,1.25,  3.02,3283.0,110.0,59.6909090909,16,"[1.0, 4.657]"
BB3_FIX:GBS-BTS,4,2.0,  2.62,2354.0,20.0,235.4,46,"[12.479, 1.0]"
BB3_FIX:GBS-GBL,1.5,0.75,  2.95,7102.0,267.0,53.1985018727,23,"[11.95, 1.0]"
BB3_FIX:GBS-GBL,2,1.0,  3.49,5921.0,177.0,66.9039548023,23,"[11.95, 1.0]"
BB3_FIX:GBS-GBL,2.5,1.25,  2.68,2782.0,76.0,73.2105263158,23,"[11.95, 1.0]"
BB3_FIX:GBS-GBM,2,1.0,  2.05,3523.0,120.0,58.7166666667,26,"[4.657, 1.0]"
BB3_FIX:GBS-GBX,1,0.5,  2.11,6459.0,303.0,42.6336633663,23,"[29.572, 1.0]"
BB3_FIX:GBX-GBS,1,0.5,  3.06,9079.0,533.0,34.0675422139,11,"[1.0, 29.572]"
BB3_FIX:GBX-GBS,1.5,0.75,  2.52,6115.0,347.0,35.2449567723,11,"[1.0, 29.572]"
BB3_FIX:GBX-GBS,2,1.0,  2.16,3982.0,209.0,38.1052631579,11,"[1.0, 29.572]"
BB3_FIX:GE10-2.0ZN+ZB,1.5,0.75,  2.08,8444.0,259.0,65.2046332046,23,"[5.085, 2.137, 1.0]"
BB3_FIX:GE10-2.0ZN+ZB,2,1.0,  2.47,6194.0,188.0,65.8936170213,23,"[5.085, 2.137, 1.0]"
BB3_FIX:GE10-ZF-GE19+ZB,2,1.0,  2.75,6939.0,214.0,64.8504672897,23,"[5.085, 3.278, 6.239, 1.0]"
BB3_FIX:GE10-ZN-GE18+ZB,2,1.0,  2.74,7329.0,214.0,68.4953271028,23,"[5.085, 2.137, 6.026, 1.0]"
BB3_FIX:GE10-ZN-GE18+ZB,2.5,1.25,  2.73,4766.0,132.0,72.2121212121,23,"[5.085, 2.137, 6.026, 1.0]"
BB3_FIX:GE10-ZT,1.5,0.75,  2.04,7469.0,242.0,61.7272727273,23,"[1.138, 1.0]"
BB3_FIX:GE10-ZT,2,1.0,  2.11,5445.0,180.0,60.5,23,"[1.138, 1.0]"
BB3_FIX:GE11-2.0ZN+ZB,1.5,0.75,  2.15,8687.0,255.0,68.1333333333,23,"[5.128, 2.137, 1.0]"
BB3_FIX:GE11-2.0ZN+ZB,2,1.0,  2.54,6312.0,188.0,67.1489361702,23,"[5.128, 2.137, 1.0]"
BB3_FIX:GE11-2.0ZN+ZB,2.5,1.25,  2.07,2828.0,80.0,70.7,23,"[5.128, 2.137, 1.0]"
BB3_FIX:GE11-L11,1,0.5,  3.06,13142.0,391.0,67.2225063939,23,[1.0]
BB3_FIX:GE11-L11,1.5,0.75,  3.28,11310.0,305.0,74.1639344262,23,[1.0]
BB3_FIX:GE11-L11,2,1.0,  2.64,6964.0,174.0,80.0459770115,23,[1.0]
BB3_FIX:GE11-ZF-GE19+ZB,2,1.0,  2.42,6064.0,180.0,67.3777777778,25,"[5.128, 3.278, 6.239, 1.0]"
BB3_FIX:GE11-ZF-GE20+ZB,2,1.0,  2.07,5294.0,166.0,63.7831325301,25,"[5.128, 3.278, 6.474, 1.0]"
BB3_FIX:GE11-ZF-GE23+UB,1.5,0.75,  2.85,11046.0,331.0,66.7432024169,25,"[7.43, 4.749, 10.495, 1.0]"
BB3_FIX:GE11-ZF-GE23+UB,2,1.0,  3.41,9101.0,238.0,76.4789915966,25,"[7.43, 4.749, 10.495, 1.0]"
BB3_FIX:GE11-ZF-GE23+UB,2.5,1.25,  2.73,4375.0,108.0,81.0185185185,25,"[7.43, 4.749, 10.495, 1.0]"
BB3_FIX:GE12-L12,1,0.5,  2.78,11937.0,359.0,66.5013927577,23,[1.0]
BB3_FIX:GE12-L12,1.5,0.75,  3.10,10501.0,291.0,72.1718213058,23,[1.0]
BB3_FIX:GE12-L12,2,1.0,  3.05,7740.0,188.0,82.3404255319,23,[1.0]
BB3_FIX:GE12-L12,2.5,1.25,  2.05,3661.0,92.0,79.5869565217,23,[1.0]
BB3_FIX:GE12-ZF-GE19+ZB,1.5,0.75,  2.04,8272.0,254.0,65.1338582677,23,"[5.192, 3.278, 6.239, 1.0]"
BB3_FIX:GE12-ZF-GE19+ZB,2,1.0,  2.41,6012.0,192.0,62.625,23,"[5.192, 3.278, 6.239, 1.0]"
BB3_FIX:GE12-ZF-GE20+ZB,2,1.0,  2.59,6357.0,194.0,65.5360824742,23,"[5.192, 3.278, 6.474, 1.0]"
BB3_FIX:GE12-ZF-GE24+UB,1.5,0.75,  3.74,14341.0,417.0,68.7817745803,23,"[7.523, 4.749, 10.867, 1.0]"
BB3_FIX:GE12-ZF-GE24+UB,2,1.0,  3.40,9001.0,244.0,73.7786885246,23,"[7.523, 4.749, 10.867, 1.0]"
BB3_FIX:GE12-ZF-GE24+UB,2.5,1.25,  2.22,3740.0,102.0,73.3333333333,23,"[7.523, 4.749, 10.867, 1.0]"
BB3_FIX:GE13-2.0ZN+ZB,2,1.0,  2.48,6403.0,188.0,68.1170212766,23,"[5.278, 2.137, 1.0]"
BB3_FIX:GE13-2.0ZN+ZB,2.5,1.25,  2.05,2887.0,84.0,68.7380952381,23,"[5.278, 2.137, 1.0]"
BB3_FIX:GE13-L13,1,0.5,  3.43,14574.0,391.0,74.547314578,23,[1.0]
BB3_FIX:GE13-L13,1,0.75,  2.03,10154.0,221.0,91.8914027149,23,[1.0]
BB3_FIX:GE13-L13,1,1,  2.06,10925.0,191.0,114.397905759,23,[1.0]
BB3_FIX:GE13-L13,1.5,0.75,  2.69,9143.0,269.0,67.9776951673,23,[1.0]
BB3_FIX:GE13-L13,2,1.0,  3.14,7851.0,180.0,87.2333333333,23,[1.0]
BB3_FIX:GE13-L13,2.5,1.25,  2.46,4625.0,100.0,92.5,23,[1.0]
BB3_FIX:GE13-ZF-GE19+ZB,2,1.0,  2.16,5644.0,184.0,61.347826087,23,"[5.278, 3.278, 6.239, 1.0]"
BB3_FIX:GE13-ZF-GE20+ZB,2,1.0,  2.40,6406.0,202.0,63.4257425743,23,"[5.278, 3.278, 6.474, 1.0]"
BB3_FIX:GE14-L14,1,0.5,  2.86,12053.0,325.0,74.1723076923,26,[1.0]
BB3_FIX:GE14-L14,1,0.75,  2.05,10148.0,199.0,101.989949749,26,[1.0]
BB3_FIX:GE14-L14,1,1,  2.12,10948.0,179.0,122.324022346,26,[1.0]
BB3_FIX:GE14-L14,1.5,0.75,  2.75,8999.0,260.0,69.2230769231,26,[1.0]
BB3_FIX:GE14-L14,2,1.0,  2.55,6136.0,152.0,80.7368421053,26,[1.0]
BB3_FIX:GE14-L14,2.5,1.25,  2.14,3852.0,96.0,80.25,26,[1.0]
BB3_FIX:GE15-L15,1,0.5,  2.57,11009.0,317.0,69.4574132492,26,[1.0]
BB3_FIX:GE15-L15,1.5,0.75,  2.57,8600.0,255.0,67.4509803922,26,[1.0]
BB3_FIX:GE15-L15,2,1.0,  2.83,6934.0,162.0,85.6049382716,26,[1.0]
BB3_FIX:GE15-L15,2.5,1.25,  3.07,5534.0,106.0,104.41509434,26,[1.0]
BB3_FIX:GE15-L15,3,1.5,  2.46,3205.0,62.0,103.387096774,26,[1.0]
BB3_FIX:GE15-L15,3.5,1.75,  2.35,1785.0,26.0,137.307692308,26,[1.0]
BB3_FIX:GE16-L16,1,0.5,  2.67,11995.0,301.0,79.7009966777,28,[1.0]
BB3_FIX:GE16-L16,1,1,  2.04,10895.0,171.0,127.426900585,28,[1.0]
BB3_FIX:GE16-L16,1.5,0.75,  3.11,10673.0,250.0,85.384,28,[1.0]
BB3_FIX:GE16-L16,2,1.0,  2.82,7293.0,158.0,92.3164556962,28,[1.0]
BB3_FIX:GE16-L16,2.5,1.25,  3.02,5377.0,98.0,109.734693878,28,[1.0]
BB3_FIX:GE16-L16,3,1.5,  2.03,2496.0,44.0,113.454545455,28,[1.0]
BB3_FIX:GE21-UB,2,1.0,  2.15,4170.0,136.0,61.3235294118,31,"[9.752, 1.0]"
BB3_FIX:GE21-US30Y,2,1.0,  2.26,4326.0,128.0,67.59375,31,"[71.591, 1.0]"
BB3_FIX:GE22-UB,2.5,1.25,  2.14,2641.0,72.0,73.3611111111,31,"[10.124, 1.0]"
BB3_FIX:GE22-US30Y,2.5,1.25,  2.09,2793.0,64.0,87.28125,31,"[74.318, 1.0]"
BB3_FIX:GE24-UB,2.5,1.25,  2.01,2602.0,72.0,72.2777777778,31,"[10.867, 1.0]"
BB3_FIX:GE24-US30Y,1.5,0.75,  2.20,7030.0,190.0,74.0,31,"[79.773, 1.0]"
BB3_FIX:GE24-US30Y,2,1.0,  2.17,4717.0,138.0,68.3623188406,31,"[79.773, 1.0]"
BB3_FIX:GE5-ZT-PURPLE+ZB,2,1.0,  2.01,5584.0,98.0,113.959183673,41,"[5.491, 4.468, 1.776, 1.0]"
BB3_FIX:GE5-ZT-PURPLE+ZB,2.5,1.25,  2.22,4219.0,68.0,124.088235294,41,"[5.491, 4.468, 1.776, 1.0]"
BB3_FIX:GOLD-0.5ZN-0.5ZB,2,1.0,  2.03,2521.0,150.0,33.6133333333,16,"[1.533, 2.137, 1.0]"
BB3_FIX:GOLD-2.0ZB+UB,1,0.5,  2.20,8567.0,337.0,50.8427299703,16,"[2.222, 1.449, 1.0]"
BB3_FIX:GOLD-2.0ZB+UB,1.5,0.75,  2.73,7559.0,335.0,45.128358209,16,"[2.222, 1.449, 1.0]"
BB3_FIX:GOLD-2.0ZB+UB,2,1.0,  2.63,5205.0,215.0,48.4186046512,16,"[2.222, 1.449, 1.0]"
BB3_FIX:GOLD-2.0ZB+UB,2.5,1.25,  2.05,2860.0,113.0,50.6194690265,16,"[2.222, 1.449, 1.0]"
BB3_FIX:GOLD-2.0ZB+ZF,1,0.5,  2.23,8764.0,495.0,35.4101010101,16,"[1.533, 1.0, 3.278]"
BB3_FIX:GOLD-2.0ZB+ZF,2,1.0,  2.55,6739.0,246.0,54.7886178862,16,"[1.533, 1.0, 3.278]"
BB3_FIX:GOLD-2.0ZB+ZF,2.5,1.25,  2.51,4690.0,146.0,64.2465753425,16,"[1.533, 1.0, 3.278]"
BB3_FIX:GOLD-2.0ZN+ZB,1,0.5,  2.01,7912.0,384.0,41.2083333333,16,"[1.533, 2.137, 1.0]"
BB3_FIX:GOLD-2.0ZN+ZB,1.5,0.75,  2.31,7111.0,336.0,42.3273809524,16,"[1.533, 2.137, 1.0]"
BB3_FIX:GOLD-2.0ZN+ZB,2,1.0,  2.30,5240.0,224.0,46.7857142857,16,"[1.533, 2.137, 1.0]"
BB3_FIX:GOLD-UB,2,1.0,  2.06,3001.0,186.0,32.2688172043,16,"[2.222, 1.0]"
BB3_FIX:GOLD-UB,2.5,1.25,  2.03,2210.0,122.0,36.2295081967,16,"[2.222, 1.0]"
BB3_FIX:GOLD-US10Y-PURPLE+UB,1.5,0.75,  2.68,6016.0,239.0,50.3430962343,16,"[7.635, 1.0, 8.842, 3.436]"
BB3_FIX:GOLD-US10Y-PURPLE+UB,2,1.0,  2.66,4564.0,179.0,50.9944134078,16,"[7.635, 1.0, 8.842, 3.436]"
BB3_FIX:GOLD-US10Y-PURPLE+UB,3,1.5,  2.10,2226.0,64.0,69.5625,16,"[7.635, 1.0, 8.842, 3.436]"
BB3_FIX:GOLD-US10Y-PURPLE+UB,3.5,1.75,  2.07,1617.0,40.0,80.85,16,"[7.635, 1.0, 8.842, 3.436]"
BB3_FIX:GOLD-US10Y-PURPLE+ZB,1,0.5,  2.04,6016.0,185.0,65.0378378378,16,"[7.635, 1.0, 8.842, 4.979]"
BB3_FIX:GOLD-US10Y-PURPLE+ZB,1.5,0.75,  2.51,6167.0,201.0,61.3631840796,16,"[7.635, 1.0, 8.842, 4.979]"
BB3_FIX:GOLD-US10Y-PURPLE+ZB,2,1.0,  3.31,5536.0,173.0,64.0,16,"[7.635, 1.0, 8.842, 4.979]"
BB3_FIX:GOLD-US10Y-PURPLE+ZB,2.5,1.25,  3.46,4137.0,98.0,84.4285714286,16,"[7.635, 1.0, 8.842, 4.979]"
BB3_FIX:GOLD-US10Y-PURPLE+ZB,3,1.5,  3.12,3176.0,64.0,99.25,16,"[7.635, 1.0, 8.842, 4.979]"
BB3_FIX:GOLD-US10Y-PURPLE+ZB,3.5,1.75,  3.05,2846.0,50.0,113.84,16,"[7.635, 1.0, 8.842, 4.979]"
BB3_FIX:GOLD-US10Y-PURPLE+ZB,3.5,2.625,  2.19,2531.0,46.0,110.043478261,16,"[7.635, 1.0, 8.842, 4.979]"
BB3_FIX:GOLD-US10Y-PURPLE+ZB,4,2.0,  3.03,2340.0,42.0,111.428571429,16,"[7.635, 1.0, 8.842, 4.979]"
BB3_FIX:GOLD-US10Y-PURPLE+ZB,4,3.0,  2.07,2231.0,42.0,106.238095238,16,"[7.635, 1.0, 8.842, 4.979]"
BB3_FIX:GOLD-US30Y,2,1.0,  2.55,3906.0,184.0,42.4565217391,16,"[16.31, 1.0]"
BB3_FIX:GOLD-US30Y,2.5,1.25,  2.17,2594.0,106.0,48.9433962264,16,"[16.31, 1.0]"
BB3_FIX:GOLD-ZB-PURPLE+UB,1.5,0.75,  2.21,5142.0,187.0,54.9946524064,16,"[2.222, 1.449, 2.573, 1.0]"
BB3_FIX:GOLD-ZB-PURPLE+UB,2,1.0,  2.28,3974.0,148.0,53.7027027027,16,"[2.222, 1.449, 2.573, 1.0]"
BB3_FIX:GOLD-ZB-PURPLE+UB,2.5,1.25,  2.60,3417.0,112.0,61.0178571429,16,"[2.222, 1.449, 2.573, 1.0]"
BB3_FIX:GOLD-ZB-PURPLE+UB,3,1.5,  2.15,2381.0,68.0,70.0294117647,16,"[2.222, 1.449, 2.573, 1.0]"
BB3_FIX:GOLD-ZB-PURPLE+UB,3.5,1.75,  2.51,2223.0,56.0,79.3928571429,16,"[2.222, 1.449, 2.573, 1.0]"
BB3_FIX:GOLD-ZB-PURPLE+UB,4,2.0,  2.00,1560.0,44.0,70.9090909091,16,"[2.222, 1.449, 2.573, 1.0]"
BB3_FIX:GOLD-ZF-PURPLE+UB,1,0.5,  2.47,6898.0,287.0,48.0696864111,16,"[2.222, 4.749, 2.573, 1.0]"
BB3_FIX:GOLD-ZF-PURPLE+UB,1.5,0.75,  2.36,5349.0,224.0,47.7589285714,16,"[2.222, 4.749, 2.573, 1.0]"
BB3_FIX:GOLD-ZF-PURPLE+UB,2,1.0,  2.23,4095.0,160.0,51.1875,16,"[2.222, 4.749, 2.573, 1.0]"
BB3_FIX:GOLD-ZF-PURPLE+UB,2.5,1.25,  2.43,3612.0,122.0,59.2131147541,16,"[2.222, 4.749, 2.573, 1.0]"
BB3_FIX:GOLD-ZF-PURPLE+UB,3,1.5,  2.24,2511.0,92.0,54.5869565217,16,"[2.222, 4.749, 2.573, 1.0]"
BB3_FIX:GOLD-ZF-PURPLE+ZB,1,0.5,  3.13,8739.0,288.0,60.6875,16,"[1.533, 3.278, 1.776, 1.0]"
BB3_FIX:GOLD-ZF-PURPLE+ZB,1.5,0.75,  3.55,7819.0,258.0,60.6124031008,16,"[1.533, 3.278, 1.776, 1.0]"
BB3_FIX:GOLD-ZF-PURPLE+ZB,2,1.0,  3.27,5683.0,176.0,64.5795454545,16,"[1.533, 3.278, 1.776, 1.0]"
BB3_FIX:GOLD-ZF-PURPLE+ZB,2,1.5,  2.52,5920.0,136.0,87.0588235294,16,"[1.533, 3.278, 1.776, 1.0]"
BB3_FIX:GOLD-ZF-PURPLE+ZB,2.5,1.25,  3.03,4238.0,122.0,69.4754098361,16,"[1.533, 3.278, 1.776, 1.0]"
BB3_FIX:GOLD-ZF-PURPLE+ZB,2.5,1.875,  2.41,4532.0,102.0,88.862745098,16,"[1.533, 3.278, 1.776, 1.0]"
BB3_FIX:GOLD-ZF-PURPLE+ZB,3,1.5,  2.86,3152.0,88.0,71.6363636364,16,"[1.533, 3.278, 1.776, 1.0]"
BB3_FIX:GOLD-ZF-PURPLE+ZB,3,2.25,  2.54,3689.0,84.0,87.8333333333,16,"[1.533, 3.278, 1.776, 1.0]"
BB3_FIX:GOLD-ZF-PURPLE+ZN,1,0.5,  2.87,8666.0,229.0,75.6855895197,16,"[1.0, 2.138, 1.158, 1.393]"
BB3_FIX:GOLD-ZF-PURPLE+ZN,1,0.75,  2.47,7666.0,201.0,76.2786069652,16,"[1.0, 2.138, 1.158, 1.393]"
BB3_FIX:GOLD-ZF-PURPLE+ZN,1,1,  2.36,7362.0,195.0,75.5076923077,16,"[1.0, 2.138, 1.158, 1.393]"
BB3_FIX:GOLD-ZF-PURPLE+ZN,1.5,0.75,  3.00,7861.0,205.0,76.6926829268,16,"[1.0, 2.138, 1.158, 1.393]"
BB3_FIX:GOLD-ZF-PURPLE+ZN,1.5,1.125,  2.00,6115.0,125.0,97.84,16,"[1.0, 2.138, 1.158, 1.393]"
BB3_FIX:GOLD-ZF-PURPLE+ZN,2,1.0,  3.78,6671.0,168.0,79.4166666667,16,"[1.0, 2.138, 1.158, 1.393]"
BB3_FIX:GOLD-ZF-PURPLE+ZN,2.5,1.25,  3.50,4386.0,110.0,79.7454545455,16,"[1.0, 2.138, 1.158, 1.393]"
BB3_FIX:GOLD-ZF-PURPLE+ZN,3,1.5,  3.51,3239.0,74.0,87.5405405405,16,"[1.0, 2.138, 1.158, 1.393]"
BB3_FIX:GOLD-ZF-PURPLE+ZN,3,2.25,  2.20,3467.0,60.0,115.566666667,16,"[1.0, 2.138, 1.158, 1.393]"
BB3_FIX:GOLD-ZF-PURPLE+ZN,3.5,1.75,  2.72,2292.0,46.0,99.652173913,16,"[1.0, 2.138, 1.158, 1.393]"
BB3_FIX:GOLD-ZF-PURPLE+ZN,4,2.0,  2.80,2189.0,38.0,115.210526316,16,"[1.0, 2.138, 1.158, 1.393]"
BB3_FIX:GOLD-ZN-PURPLE+UB,1,0.5,  2.15,5874.0,251.0,46.8047808765,16,"[2.222, 3.096, 2.573, 1.0]"
BB3_FIX:GOLD-ZN-PURPLE+UB,1.5,0.75,  2.66,6111.0,245.0,49.8857142857,16,"[2.222, 3.096, 2.573, 1.0]"
BB3_FIX:GOLD-ZN-PURPLE+UB,2,1.0,  2.89,5148.0,180.0,57.2,16,"[2.222, 3.096, 2.573, 1.0]"
BB3_FIX:GOLD-ZN-PURPLE+UB,2.5,1.25,  2.31,3242.0,114.0,56.8771929825,16,"[2.222, 3.096, 2.573, 1.0]"
BB3_FIX:GOLD-ZN-PURPLE+ZB,1,0.5,  2.49,7219.0,241.0,59.9087136929,16,"[1.533, 2.137, 1.776, 1.0]"
BB3_FIX:GOLD-ZN-PURPLE+ZB,1.5,0.75,  3.04,6959.0,229.0,60.7772925764,16,"[1.533, 2.137, 1.776, 1.0]"
BB3_FIX:GOLD-ZN-PURPLE+ZB,2,1.0,  2.82,4808.0,164.0,58.6341463415,16,"[1.533, 2.137, 1.776, 1.0]"
BB3_FIX:GOLD-ZN-PURPLE+ZB,2.5,1.25,  2.59,3600.0,106.0,67.9245283019,16,"[1.533, 2.137, 1.776, 1.0]"
BB3_FIX:GOLD-ZN-PURPLE+ZB,3,1.5,  2.38,2551.0,72.0,70.8611111111,16,"[1.533, 2.137, 1.776, 1.0]"
BB3_FIX:GOLD-ZN-PURPLE+ZB,3.5,1.75,  2.43,2367.0,62.0,76.3548387097,16,"[1.533, 2.137, 1.776, 1.0]"
BB3_FIX:GOLD-ZN-PURPLE+ZB,4,2.0,  2.18,1765.0,46.0,76.7391304348,16,"[1.533, 2.137, 1.776, 1.0]"
BB3_FIX:GREEN-2.0ZF+ZN,2,1.0,  2.34,4692.0,204.0,46.0,16,"[1.0, 2.565, 1.672]"
BB3_FIX:GREEN-US2Y,1,0.5,  3.01,11126.0,476.0,46.7478991597,16,"[1.375, 1.0]"
BB3_FIX:GREEN-US2Y,1.5,0.75,  3.08,8772.0,356.0,49.2808988764,16,"[1.375, 1.0]"
BB3_FIX:GREEN-US2Y,2,1.0,  2.08,4581.0,208.0,44.0480769231,16,"[1.375, 1.0]"
BB3_FIX:GREEN-US3Y-BLUE+US5Y,2,1.0,  2.06,4941.0,183.0,54.0,16,"[3.935, 1.697, 4.199, 1.0]"
BB3_FIX:GREEN-US3Y-BLUE+US5Y,2.5,1.25,  2.17,2825.0,108.0,52.3148148148,16,"[3.935, 1.697, 4.199, 1.0]"
BB3_FIX:GREEN-US3Y,1.5,0.75,  2.31,5251.0,248.0,42.3467741935,16,"[2.318, 1.0]"
BB3_FIX:GREEN-US3Y,2,1.0,  2.22,3460.0,170.0,40.7058823529,16,"[2.318, 1.0]"
BB3_FIX:GREEN-US3Y,2.5,1.25,  2.16,2313.0,100.0,46.26,16,"[2.318, 1.0]"
BB3_FIX:GREEN-US5Y,1.5,0.75,  2.12,4238.0,185.0,45.8162162162,16,"[3.935, 1.0]"
BB3_FIX:GREEN-US5Y,2,1.0,  2.25,2800.0,131.0,42.7480916031,16,"[3.935, 1.0]"
BB3_FIX:GREEN-US5Y,2.5,1.25,  2.15,1872.0,78.0,48.0,16,"[3.935, 1.0]"
BB3_FIX:GREEN-ZB,2,1.0,  2.18,3619.0,195.0,37.1179487179,16,"[1.278, 1.0]"
BB3_FIX:GREEN-ZB,2.5,1.25,  2.03,2301.0,118.0,39.0,16,"[1.278, 1.0]"
BB3_FIX:GREEN-ZF-GOLD+UB,2,1.0,  2.02,3721.0,198.0,37.5858585859,16,"[1.852, 4.749, 2.222, 1.0]"
BB3_FIX:GREEN-ZF-GOLD+US10Y,2.5,1.25,  2.03,2326.0,102.0,45.6078431373,16,"[6.362, 16.319, 7.635, 1.0]"
BB3_FIX:GREEN-ZF-GOLD+US10Y,3,1.5,  2.06,1759.0,68.0,51.7352941176,16,"[6.362, 16.319, 7.635, 1.0]"
BB3_FIX:GREEN-ZF-GOLD+ZB,1.5,0.75,  2.42,5796.0,296.0,39.1621621622,16,"[1.278, 3.278, 1.533, 1.0]"
BB3_FIX:GREEN-ZF-GOLD+ZB,2,1.0,  3.07,5162.0,220.0,46.9272727273,16,"[1.278, 3.278, 1.533, 1.0]"
BB3_FIX:GREEN-ZF-PURPLE+UB,1,0.5,  2.49,6849.0,297.0,46.1212121212,16,"[1.852, 4.749, 2.573, 1.0]"
BB3_FIX:GREEN-ZF-PURPLE+UB,1.5,0.75,  2.79,6349.0,265.0,47.9169811321,16,"[1.852, 4.749, 2.573, 1.0]"
BB3_FIX:GREEN-ZF-PURPLE+UB,2,1.0,  3.44,6013.0,186.0,64.6559139785,16,"[1.852, 4.749, 2.573, 1.0]"
BB3_FIX:GREEN-ZF-PURPLE+UB,2.5,1.25,  3.26,4420.0,118.0,74.9152542373,16,"[1.852, 4.749, 2.573, 1.0]"
BB3_FIX:GREEN-ZF-PURPLE+UB,3,1.5,  2.25,2499.0,74.0,67.5405405405,16,"[1.852, 4.749, 2.573, 1.0]"
BB3_FIX:GREEN-ZF-PURPLE+ZB,1,0.5,  3.15,8837.0,305.0,57.9475409836,16,"[1.278, 3.278, 1.776, 1.0]"
BB3_FIX:GREEN-ZF-PURPLE+ZB,1,0.75,  2.13,6705.0,193.0,69.481865285,16,"[1.278, 3.278, 1.776, 1.0]"
BB3_FIX:GREEN-ZF-PURPLE+ZB,1.5,0.75,  3.08,6733.0,248.0,54.2983870968,16,"[1.278, 3.278, 1.776, 1.0]"
BB3_FIX:GREEN-ZF-PURPLE+ZB,2,1.0,  3.43,5936.0,184.0,64.5217391304,16,"[1.278, 3.278, 1.776, 1.0]"
BB3_FIX:GREEN-ZF-PURPLE+ZB,2.5,1.25,  2.89,4098.0,120.0,68.3,16,"[1.278, 3.278, 1.776, 1.0]"
BB3_FIX:GREEN-ZF-PURPLE+ZB,2.5,1.875,  2.13,3831.0,98.0,78.1836734694,16,"[1.278, 3.278, 1.776, 1.0]"
BB3_FIX:GREEN-ZF-PURPLE+ZB,3,1.5,  3.06,3244.0,88.0,73.7272727273,16,"[1.278, 3.278, 1.776, 1.0]"
BB3_FIX:GREEN-ZF-PURPLE+ZB,3,2.25,  2.26,3510.0,80.0,87.75,16,"[1.278, 3.278, 1.776, 1.0]"
BB3_FIX:GREEN-ZF-PURPLE+ZB,3.5,1.75,  3.34,2992.0,60.0,99.7333333333,16,"[1.278, 3.278, 1.776, 1.0]"
BB3_FIX:GREEN-ZF-PURPLE+ZB,4,2.0,  2.69,2113.0,44.0,96.0454545455,16,"[1.278, 3.278, 1.776, 1.0]"
BB3_FIX:GREEN-ZF-PURPLE+ZN,1.5,0.75,  2.85,6552.0,234.0,56.0,16,"[1.0, 2.565, 1.39, 1.672]"
BB3_FIX:GREEN-ZF-PURPLE+ZN,2,1.0,  3.05,5282.0,184.0,57.4130434783,16,"[1.0, 2.565, 1.39, 1.672]"
BB3_FIX:GREEN-ZF-PURPLE+ZN,2.5,1.25,  2.93,3775.0,116.0,65.0862068966,16,"[1.0, 2.565, 1.39, 1.672]"
BB3_FIX:GREEN-ZF-PURPLE+ZN,3,1.5,  2.63,2948.0,82.0,71.9024390244,16,"[1.0, 2.565, 1.39, 1.672]"
BB3_FIX:GREEN-ZF-PURPLE+ZN,3.5,1.75,  2.53,2480.0,58.0,85.5172413793,16,"[1.0, 2.565, 1.39, 1.672]"
BB3_FIX:GREEN-ZF-PURPLE+ZN,3.5,2.625,  2.33,2832.0,58.0,97.6551724138,16,"[1.0, 2.565, 1.39, 1.672]"
BB3_FIX:GREEN-ZF-PURPLE+ZN,4,2.0,  2.30,2022.0,44.0,91.9090909091,16,"[1.0, 2.565, 1.39, 1.672]"
BB3_FIX:GREEN-ZF-PURPLE+ZN,4,3.0,  2.05,2105.0,44.0,95.6818181818,16,"[1.0, 2.565, 1.39, 1.672]"
BB3_FIX:GREEN-ZN-GOLD+ZB,1,0.5,  2.23,7787.0,318.0,48.9748427673,16,"[1.278, 2.137, 1.533, 1.0]"
BB3_FIX:GREEN-ZN-GOLD+ZB,1.5,0.75,  2.37,6236.0,300.0,41.5733333333,16,"[1.278, 2.137, 1.533, 1.0]"
BB3_FIX:GREEN-ZN-GOLD+ZB,2,1.0,  3.09,5689.0,242.0,47.0165289256,16,"[1.278, 2.137, 1.533, 1.0]"
BB3_FIX:GREEN-ZN-GOLD+ZB,2.5,1.25,  2.71,3176.0,126.0,50.4126984127,16,"[1.278, 2.137, 1.533, 1.0]"
BB3_FIX:GREEN-ZN-PURPLE+UB,1,0.5,  2.75,7572.0,305.0,49.6524590164,16,"[1.852, 3.096, 2.573, 1.0]"
BB3_FIX:GREEN-ZN-PURPLE+UB,1.5,0.75,  2.78,6249.0,251.0,49.7928286853,16,"[1.852, 3.096, 2.573, 1.0]"
BB3_FIX:GREEN-ZN-PURPLE+UB,2,1.0,  2.74,4996.0,178.0,56.1348314607,16,"[1.852, 3.096, 2.573, 1.0]"
BB3_FIX:GREEN-ZN-PURPLE+ZB,1,0.5,  3.05,8649.0,311.0,55.6205787781,16,"[1.278, 2.137, 1.776, 1.0]"
BB3_FIX:GREEN-ZN-PURPLE+ZB,1.5,0.75,  2.88,6384.0,242.0,52.7603305785,16,"[1.278, 2.137, 1.776, 1.0]"
BB3_FIX:GREEN-ZN-PURPLE+ZB,2,1.0,  2.55,4414.0,158.0,55.8734177215,16,"[1.278, 2.137, 1.776, 1.0]"
BB3_FIX:GREEN-ZN-PURPLE+ZB,2.5,1.25,  2.89,3950.0,118.0,66.9491525424,16,"[1.278, 2.137, 1.776, 1.0]"
BB3_FIX:GREEN-ZN-PURPLE+ZB,3,1.5,  2.60,2760.0,76.0,72.6315789474,16,"[1.278, 2.137, 1.776, 1.0]"
BB3_FIX:GREEN-ZN-PURPLE+ZB,3.5,1.75,  2.50,2180.0,48.0,90.8333333333,16,"[1.278, 2.137, 1.776, 1.0]"
BB3_FIX:GREEN-ZN-PURPLE+ZB,4,2.0,  2.39,1978.0,42.0,94.1904761905,16,"[1.278, 2.137, 1.776, 1.0]"
BB3_FIX:GREEN-ZN,2.5,1.25,  2.06,2019.0,86.0,46.9534883721,16,"[1.0, 1.672]"
BB3_FIX:GREEN-ZT,1,0.5,  2.49,9125.0,392.0,46.556122449,16,"[1.0, 3.496]"
BB3_FIX:GREEN-ZT,1.5,0.75,  2.81,7743.0,340.0,45.5470588235,16,"[1.0, 3.496]"
BB3_FIX:GREEN-ZT,2,1.0,  2.69,5693.0,230.0,49.5043478261,16,"[1.0, 3.496]"
BB3_FIX:GREEN-ZT,2.5,1.25,  2.17,3261.0,126.0,51.7619047619,16,"[1.0, 3.496]"
BB3_FIX:L10-G,1,0.5,  2.60,17212.0,215.0,160.111627907,38,[]
BB3_FIX:L10-G,1.5,0.75,  3.46,18594.0,232.0,160.293103448,38,[]
BB3_FIX:L10-G,2,1.0,  3.05,12719.0,160.0,158.9875,38,[]
BB3_FIX:L10-G,2.5,1.25,  2.18,6484.0,92.0,140.956521739,38,[]
BB3_FIX:L10-R,2,1.0,  2.06,4251.0,88.0,96.6136363636,38,[1.0]
BB3_FIX:L11-G,1,0.5,  2.59,16674.0,227.0,146.907488987,36,[]
BB3_FIX:L11-G,1.5,0.75,  3.42,17882.0,238.0,150.268907563,36,[]
BB3_FIX:L11-G,2,1.0,  3.22,13322.0,166.0,160.506024096,36,[]
BB3_FIX:L11-G,2,1.5,  2.19,12260.0,115.0,213.217391304,36,[]
BB3_FIX:L12-G,1,0.5,  2.85,18378.0,249.0,147.614457831,36,[]
BB3_FIX:L12-G,1.5,0.75,  3.43,17962.0,243.0,147.835390947,36,[]
BB3_FIX:L12-G,2,1.0,  2.37,9119.0,149.0,122.402684564,36,[]
BB3_FIX:L12-G,2.5,1.25,  2.35,7044.0,92.0,153.130434783,36,[]
BB3_FIX:L14-GBL,2,1.0,  2.39,5286.0,140.0,75.5142857143,36,[1.0]
BB3_FIX:L15-GBL,2,1.0,  2.41,5136.0,146.0,70.3561643836,32,[1.0]
BB3_FIX:L16-GBL,1.5,0.75,  2.41,7201.0,207.0,69.5748792271,32,[1.0]
BB3_FIX:L16-GBL,2,1.0,  2.26,5067.0,136.0,74.5147058824,32,[1.0]
BB3_FIX:L3-G,1,0.5,  2.79,21052.0,173.0,243.375722543,60,[]
BB3_FIX:L3-G,1,0.75,  2.31,17952.0,145.0,247.613793103,60,[]
BB3_FIX:L3-G,1,1,  2.31,17952.0,145.0,247.613793103,60,[]
BB3_FIX:L3-G,1.5,0.75,  2.47,14731.0,142.0,207.478873239,60,[]
BB3_FIX:L3-G,2,1.0,  2.73,11733.0,118.0,198.86440678,60,[]
BB3_FIX:L3-G,2.5,1.25,  2.50,7946.0,70.0,227.028571429,60,[]
BB3_FIX:L3-G,3,1.5,  2.04,5299.0,42.0,252.333333333,60,[]
BB3_FIX:L4-G,1,0.5,  2.39,17351.0,151.0,229.814569536,60,[]
BB3_FIX:L4-G,1.5,0.75,  2.36,14119.0,139.0,203.151079137,60,[]
BB3_FIX:L4-G,2,1.0,  2.06,8179.0,98.0,166.918367347,60,[]
BB3_FIX:L5-G,1,0.5,  2.36,17002.0,151.0,225.19205298,60,[]
BB3_FIX:L5-G,1.5,0.75,  2.00,12053.0,118.0,204.288135593,60,[]
BB3_FIX:L5-G,2,1.0,  2.01,8209.0,106.0,154.886792453,60,[]
BB3_FIX:L6-G,1,0.5,  2.22,16052.0,145.0,221.406896552,60,[]
BB3_FIX:L6-G,1,0.75,  2.03,15124.0,135.0,224.059259259,60,[]
BB3_FIX:L6-G,1.5,0.75,  2.21,13943.0,134.0,208.104477612,60,[]
BB3_FIX:L7-G,1,0.5,  2.05,14831.0,139.0,213.395683453,60,[]
BB3_FIX:L7-G,1.5,0.75,  2.11,12690.0,125.0,203.04,60,[]
BB3_FIX:L7-G,2,1.0,  2.10,8802.0,92.0,191.347826087,60,[]
BB3_FIX:L8-G,2,1.0,  2.01,9185.0,98.0,187.448979592,60,[]
BB3_FIX:L9-G,2,1.0,  2.07,9092.0,102.0,178.274509804,60,[]
BB3_FIX:LGREEN-R,2.5,1.25,  2.64,1841.0,66.0,55.7878787879,20,[1.0]
BB3_FIX:LGREEN-R,3,1.5,  2.31,1002.0,28.0,71.5714285714,20,[1.0]
BB3_FIX:RED-2.0ZT+ZF,1.5,0.75,  2.73,14438.0,334.0,86.4550898204,31,"[1.0, 3.446, 2.528]"
BB3_FIX:RED-2.0ZT+ZF,2,1.0,  2.42,9395.0,204.0,92.1078431373,31,"[1.0, 3.446, 2.528]"
BB3_FIX:RED-ZF-PURPLE+ZB,1.5,0.75,  2.08,6196.0,118.0,105.016949153,31,"[1.296, 3.278, 1.776, 1.0]"
BB3_FIX:RED-ZF-PURPLE+ZB,2,1.0,  2.57,5502.0,110.0,100.036363636,31,"[1.296, 3.278, 1.776, 1.0]"
BB3_FIX:RED-ZF-PURPLE+ZB,2.5,1.25,  2.98,4993.0,82.0,121.780487805,31,"[1.296, 3.278, 1.776, 1.0]"
BB3_FIX:RED-ZF-PURPLE+ZB,3,1.5,  2.67,3760.0,54.0,139.259259259,31,"[1.296, 3.278, 1.776, 1.0]"
BB3_FIX:RED-ZF-PURPLE+ZB,3.5,1.75,  2.26,2923.0,38.0,153.842105263,31,"[1.296, 3.278, 1.776, 1.0]"
BB3_FIX:RED-ZF-PURPLE+ZB,4,2.0,  2.05,2576.0,32.0,161.0,31,"[1.296, 3.278, 1.776, 1.0]"
BB3_FIX:RED-ZT-PURPLE+UB,1.5,0.75,  2.20,6868.0,157.0,87.4904458599,31,"[1.879, 6.474, 2.573, 1.0]"
BB3_FIX:RED-ZT-PURPLE+UB,2,1.0,  2.64,6281.0,122.0,102.967213115,31,"[1.879, 6.474, 2.573, 1.0]"
BB3_FIX:RED-ZT-PURPLE+UB,2.5,1.25,  2.82,5547.0,84.0,132.071428571,31,"[1.879, 6.474, 2.573, 1.0]"
BB3_FIX:RED-ZT-PURPLE+UB,3,1.5,  2.00,3411.0,56.0,121.821428571,31,"[1.879, 6.474, 2.573, 1.0]"
BB3_FIX:RED-ZT-PURPLE+ZB,2,1.0,  2.31,5566.0,116.0,95.9655172414,31,"[1.296, 4.468, 1.776, 1.0]"
BB3_FIX:RED-ZT-PURPLE+ZB,2.5,1.25,  2.74,5413.0,86.0,125.88372093,31,"[1.296, 4.468, 1.776, 1.0]"
BB3_FIX:RED-ZT-PURPLE+ZB,3,1.5,  2.36,3948.0,62.0,127.35483871,31,"[1.296, 4.468, 1.776, 1.0]"
BB3_FIX:RED-ZT-PURPLE+ZB,3.5,1.75,  2.41,3474.0,44.0,157.909090909,31,"[1.296, 4.468, 1.776, 1.0]"
BB3_FIX:RED-ZT-PURPLE+ZB,4,2.0,  2.01,2550.0,24.0,212.5,31,"[1.296, 4.468, 1.776, 1.0]"
BB3_FIX:RED-ZT-PURPLE+ZN,2,1.0,  2.43,6317.0,116.0,108.913793103,31,"[1.0, 3.446, 1.37, 1.648]"
BB3_FIX:RED-ZT-PURPLE+ZN,2.5,1.25,  2.71,5043.0,80.0,126.075,31,"[1.0, 3.446, 1.37, 1.648]"
BB3_FIX:RED-ZT-PURPLE+ZN,3,1.5,  2.75,4307.0,58.0,148.517241379,31,"[1.0, 3.446, 1.37, 1.648]"
BB3_FIX:RED-ZT-PURPLE+ZN,3.5,1.75,  2.36,3358.0,42.0,159.904761905,31,"[1.0, 3.446, 1.37, 1.648]"
BB3_FIX:RED-ZT-PURPLE+ZN,4,2.0,  2.21,2892.0,30.0,192.8,31,"[1.0, 3.446, 1.37, 1.648]"
BB3_FIX:U10-2.0GBL+GBX,1,0.5,  2.00,8148.0,208.0,78.3461538462,33,"[2.475, 1.0]"
BB3_FIX:U10-2.0GBL+GBX,1.5,0.75,  2.59,8161.0,198.0,82.4343434343,33,"[2.475, 1.0]"
BB3_FIX:U10-2.0GBL+GBX,2,1.0,  2.73,5609.0,140.0,80.1285714286,33,"[2.475, 1.0]"
BB3_FIX:U10-2.0GBL+GBX,2.5,1.25,  2.35,3203.0,76.0,84.2894736842,33,"[2.475, 1.0]"
BB3_FIX:U10-2.0GBM+GBL,2.5,1.25,  2.44,3902.0,64.0,121.9375,43,"[2.566, 1.0]"
BB3_FIX:U10-2.3GBL+1.3GBX,1,0.5,  2.15,9014.0,230.0,78.3826086957,33,"[2.475, 1.0]"
BB3_FIX:U10-2.3GBL+1.3GBX,1.5,0.75,  2.51,7959.0,208.0,76.5288461538,33,"[2.475, 1.0]"
BB3_FIX:U10-2.3GBL+1.3GBX,2,1.0,  3.37,7190.0,166.0,86.6265060241,33,"[2.475, 1.0]"
BB3_FIX:U10-2.3GBL+1.3GBX,2.5,1.25,  2.26,3492.0,88.0,79.3636363636,33,"[2.475, 1.0]"
BB3_FIX:U10-GBL-L10+R,1.5,0.75,  2.46,9848.0,245.0,80.3918367347,33,"[1.309, 1.0]"
BB3_FIX:U10-GBL-L10+R,2,1.0,  2.09,5642.0,148.0,76.2432432432,33,"[1.309, 1.0]"
BB3_FIX:U10-GBM-U14+GBL,2.5,1.25,  2.77,3665.0,72.0,101.805555556,33,"[2.566, 1.0]"
BB3_FIX:U11-2.0GBL+GBX,1.5,0.75,  2.05,6428.0,169.0,76.0710059172,33,"[2.475, 1.0]"
BB3_FIX:U11-2.0GBL+GBX,2,1.0,  2.28,4458.0,124.0,71.9032258065,33,"[2.475, 1.0]"
BB3_FIX:U11-2.0GBL+GBX,2.5,1.25,  2.56,3238.0,76.0,85.2105263158,33,"[2.475, 1.0]"
BB3_FIX:U11-2.0GBS+GBM,2,1.0,  2.40,9270.0,174.0,106.551724138,43,"[4.657, 1.0]"
BB3_FIX:U11-2.3GBL+1.3GX,1.5,0.75,  2.21,6970.0,194.0,71.8556701031,33,[1.0]
BB3_FIX:U11-2.3GBL+1.3GX,2,1.0,  2.85,5772.0,150.0,76.96,33,[1.0]
BB3_FIX:U11-2.3GBL+1.3GX,2.5,1.25,  2.15,2817.0,72.0,78.25,33,[1.0]
BB3_FIX:U11-2.3GBL+1.3GX,3.5,1.75,  2.27,1383.0,24.0,115.25,33,[1.0]
BB3_FIX:U11-GBM-U14+GBL,2.5,1.25,  2.03,2166.0,46.0,94.1739130435,33,"[2.566, 1.0]"
BB3_FIX:U12-2.0GBL+GBX,2.5,1.25,  2.52,2908.0,70.0,83.0857142857,33,"[2.475, 1.0]"
BB3_FIX:U12-2.0GBM+GBL,1.5,0.75,  2.12,7668.0,190.0,80.7157894737,33,"[2.566, 1.0]"
BB3_FIX:U12-2.0GBM+GBL,2,1.0,  2.82,7409.0,164.0,90.3536585366,33,"[2.566, 1.0]"
BB3_FIX:U12-2.0GBM+GBL,2.5,1.25,  2.51,3774.0,72.0,104.833333333,33,"[2.566, 1.0]"
BB3_FIX:U12-2.0GBM+GBL,3,1.5,  2.39,2428.0,44.0,110.363636364,33,"[2.566, 1.0]"
BB3_FIX:U13-2.0GBL+GBX,1.5,0.75,  2.02,5998.0,166.0,72.265060241,33,"[2.475, 1.0]"
BB3_FIX:U13-2.0GBL+GBX,2,1.0,  2.47,4366.0,120.0,72.7666666667,33,"[2.475, 1.0]"
BB3_FIX:U13-GBL-L11+R,1.5,0.75,  2.04,8106.0,213.0,76.1126760563,33,"[1.309, 1.0]"
BB3_FIX:U13-GBL-L11+R,2,1.0,  2.07,5212.0,141.0,73.9290780142,33,"[1.309, 1.0]"
BB3_FIX:U13-GBL-L13+R,1.5,0.75,  2.07,8263.0,204.0,81.0098039216,33,"[1.309, 1.0]"
BB3_FIX:U14-2.0GBL+GBX,2,1.0,  2.08,3700.0,112.0,66.0714285714,33,"[2.475, 1.0]"
BB3_FIX:U14-GBL-L14+R,1.5,0.75,  2.01,7648.0,200.0,76.48,33,"[1.309, 1.0]"
BB3_FIX:U14-GBL-L14+R,2,1.0,  2.44,6066.0,156.0,77.7692307692,33,"[1.309, 1.0]"
BB3_FIX:U15-GBL-L11+R,1.5,0.75,  2.56,9697.0,241.0,80.4730290456,31,"[1.309, 1.0]"
BB3_FIX:U15-GBL-L11+R,2,1.0,  2.69,6768.0,168.0,80.5714285714,31,"[1.309, 1.0]"
BB3_FIX:U15-GBL-L12+R,1,0.5,  2.05,9868.0,221.0,89.3031674208,31,"[1.309, 1.0]"
BB3_FIX:U15-GBL-L12+R,1.5,0.75,  2.50,9532.0,237.0,80.4388185654,31,"[1.309, 1.0]"
BB3_FIX:U15-GBL-L12+R,2,1.0,  2.90,7021.0,168.0,83.5833333333,31,"[1.309, 1.0]"
BB3_FIX:U15-GBL-L13+R,1.5,0.75,  2.16,8203.0,209.0,78.4976076555,31,"[1.309, 1.0]"
BB3_FIX:U15-GBL-L13+R,2,1.0,  2.17,5429.0,148.0,73.3648648649,31,"[1.309, 1.0]"
BB3_FIX:U15-GBL-L14+R,1.5,0.75,  2.20,8223.0,213.0,77.2112676056,31,"[1.309, 1.0]"
BB3_FIX:U15-GBL-L14+R,2,1.0,  2.89,6907.0,160.0,86.3375,31,"[1.309, 1.0]"
BB3_FIX:U15-GBL-L15+R,1.5,0.75,  2.22,8245.0,210.0,78.5238095238,31,"[1.309, 1.0]"
BB3_FIX:U15-GBL-L15+R,2,1.0,  2.39,5747.0,152.0,75.6184210526,31,"[1.309, 1.0]"
BB3_FIX:U16-2.0GBL+GBX,1.5,0.75,  2.14,6239.0,177.0,70.4971751412,31,"[2.475, 1.0]"
BB3_FIX:U16-GBL-L11+R,1,0.5,  2.10,10427.0,233.0,89.5021459227,31,"[1.309, 1.0]"
BB3_FIX:U16-GBL-L11+R,1.5,0.75,  2.63,9887.0,253.0,78.1581027668,31,"[1.309, 1.0]"
BB3_FIX:U16-GBL-L11+R,2,1.0,  2.66,6664.0,162.0,82.2716049383,31,"[1.309, 1.0]"
BB3_FIX:U16-GBL-L12+R,1,0.5,  2.26,11043.0,235.0,93.9829787234,31,"[1.309, 1.0]"
BB3_FIX:U16-GBL-L12+R,1.5,0.75,  2.52,9312.0,239.0,77.9246861925,31,"[1.309, 1.0]"
BB3_FIX:U16-GBL-L12+R,2,1.0,  2.27,5443.0,148.0,73.5540540541,31,"[1.309, 1.0]"
BB3_FIX:U16-GBL-L16+R,1.5,0.75,  2.17,8300.0,208.0,79.8076923077,31,"[1.309, 1.0]"
BB3_FIX:U16-GBL-L16+R,2,1.0,  2.63,6436.0,152.0,84.6842105263,31,"[1.309, 1.0]"
BB3_FIX:U6-2.0GBM+GBL,2.5,1.25,  2.39,5133.0,62.0,165.580645161,60,"[2.566, 1.0]"
BB3_FIX:U6-2.3GBM+1.3GBL,2,1.0,  2.16,7754.0,102.0,152.039215686,60,"[2.566, 1.0]"
BB3_FIX:U6-2.3GBM+1.3GBL,2.5,1.25,  2.23,4758.0,60.0,158.6,60,"[2.566, 1.0]"
BB3_FIX:U6-GBM-GBL+GBX,2,1.0,  2.27,6982.0,106.0,131.735849057,60,"[6.35, 2.475, 1.0]"
BB3_FIX:U6-GBM-GBL+GBX,2.5,1.25,  2.05,4431.0,62.0,142.935483871,60,"[6.35, 2.475, 1.0]"
BB3_FIX:U7-2.0GBM+GBL,3,1.5,  2.06,2633.0,40.0,131.65,55,"[2.566, 1.0]"
BB3_FIX:U7-2.3GBM+1.3GBL,2.5,1.25,  2.32,4599.0,66.0,139.363636364,55,"[2.566, 1.0]"
BB3_FIX:U7-2.3GBM+1.3GBL,3,1.5,  2.44,3509.0,46.0,152.565217391,55,"[2.566, 1.0]"
BB3_FIX:U7-GBM-GBL+GBX,3.5,1.75,  2.06,1651.0,20.0,165.1,55,"[6.35, 2.475, 1.0]"
BB3_FIX:U9-2.0GBM+GBL,2.5,1.25,  2.11,4122.0,66.0,124.909090909,50,"[2.566, 1.0]"
BB3_FIX:U9-2.0GBM+GBL,3,1.5,  2.04,1485.0,18.0,165.0,50,"[2.566, 1.0]"
BB3_FIX:URED-GBS-UGREEN+GBM,2,1.0,  2.18,7091.0,114.0,124.403508772,35,"[4.657, 1.0]"
BB3_FIX:URED-GBS-UGREEN+GBM,2.5,1.25,  2.23,5202.0,72.0,144.5,35,"[4.657, 1.0]"
BB3_FIX:URED-UGREEN,1.5,0.75,  2.06,7760.0,89.0,174.382022472,35,[]
BB3_FIX:URED-UGREEN,2,1.0,  2.20,6551.0,78.0,167.974358974,35,[]
BB3_FIX:URED-UGREEN,2.5,1.25,  2.63,6062.0,60.0,202.066666667,35,[]
BB3_FIX:URED-UGREEN,3,1.5,  2.47,5288.0,42.0,251.80952381,35,[]
BB3_FIX:URED-UGREEN,3.5,1.75,  2.20,3836.0,28.0,274.0,35,[]
BB3_FIX:URED-UGREEN,4,2.0,  2.13,3572.0,20.0,357.2,35,[]
BB3_FIX:US10Y-US30Y,2,1.0,  2.19,3011.0,184.0,32.7282608696,13,"[2.136, 1.0]"
BB3_FIX:US10Y-US30Y,2.5,1.25,  2.09,2307.0,110.0,41.9454545455,13,"[2.136, 1.0]"
BB3_FIX:US30Y-ZB,2,1.0,  2.20,2816.0,209.0,26.9473684211,8,"[1.0, 10.636]"
BB3_FIX:US3Y-US7Y,1.5,0.75,  2.13,6867.0,177.0,77.593220339,22,"[2.205, 1.0]"
BB3_FIX:US3Y-US7Y,2,1.0,  2.31,5582.0,128.0,87.21875,22,"[2.205, 1.0]"
BB3_FIX:US7Y-ZB,2.5,1.25,  2.04,2047.0,94.0,43.5531914894,18,"[1.0, 4.0]"
BB3_FIX:ZF-ZB-GBM+GBX,1,0.5,  2.11,5653.0,435.0,25.9908045977,13,"[5.969, 1.821, 6.35, 1.0]"
BB3_FIX:ZF-ZB-GBM+GBX,1.5,0.75,  2.19,4796.0,314.0,30.5477707006,13,"[5.969, 1.821, 6.35, 1.0]"
BB3_FIX:ZF-ZN-GBM+GBL,1,0.5,  2.51,6423.0,345.0,37.2347826087,13,"[2.412, 1.572, 2.566, 1.0]"
BB3_FIX:ZF-ZN-GBM+GBL,1.5,0.75,  3.16,6023.0,330.0,36.503030303,13,"[2.412, 1.572, 2.566, 1.0]"
BB3_FIX:ZF-ZN-GBM+GBL,2,1.0,  2.19,3116.0,186.0,33.5053763441,13,"[2.412, 1.572, 2.566, 1.0]"
BB3_FIX:ZT-3.0ZF+3.0ZN-ZB,2,1.0,  2.22,9692.0,185.0,104.778378378,33,"[4.468, 3.278, 2.137, 1.0]"
BB3_FIX:ZT-3.0ZF+3.0ZN-ZB,2.5,1.25,  2.08,4224.0,82.0,103.024390244,33,"[4.468, 3.278, 2.137, 1.0]"
